Names,PartyNm,Electorate,Provinces
Tagore Abubakar,Partai Demokrasi Indonesia Perjuangan,Aceh I,Aceh
Sofyan Tan,Partai Demokrasi Indonesia Perjuangan,Sumatera Utara I,Sumatera Utara
Irmadi Lubis ,Partai Demokrasi Indonesia Perjuangan,Sumatera Utara I,Sumatera Utara
Trimedya Panjaitan,Partai Demokrasi Indonesia Perjuangan,Sumatera Utara II,Sumatera Utara
Junimart Girsang,Partai Demokrasi Indonesia Perjuangan,Sumatera Utara III,Sumatera Utara
Agus Susanto,Partai Demokrasi Indonesia Perjuangan,Sumatera Barat II,Sumatera Barat
Effendy Sianipar,Partai Demokrasi Indonesia Perjuangan,Riau I,Riau
Marsiaman Saragih,Partai Demokrasi Indonesia Perjuangan,Riau II,Riau
Ihsan Yunus,Partai Demokrasi Indonesia Perjuangan,Jambi,Jambi
Nazarudin Kiemas,Partai Demokrasi Indonesia Perjuangan,Sumatera Selatan I,Sumatera Selatan
Erwin M Singaruju,Partai Demokrasi Indonesia Perjuangan,Sumatera Selatan II,Sumatera Selatan
Yulian Gunhar,Partai Demokrasi Indonesia Perjuangan,Sumatera Selatan II,Sumatera Selatan
Elva Hartati,Partai Demokrasi Indonesia Perjuangan,Bengkulu,Bengkulu
Isma Yatun,Partai Demokrasi Indonesia Perjuangan,Lampung I,Lampung
Sudin,Partai Demokrasi Indonesia Perjuangan,Lampung I,Lampung
Henry Yosodiningrat,Partai Demokrasi Indonesia Perjuangan,Lampung II,Lampung
Itet Tridjajati Sumarijanto,Partai Demokrasi Indonesia Perjuangan,Lampung II,Lampung
Rudianto Tjen ,Partai Demokrasi Indonesia Perjuangan,Bangka Belitung,Kep. Bangka Belitung
Dwi Ria Latifa,Partai Demokrasi Indonesia Perjuangan,Kepulauan Riau,Kep.Riau
Wiryanti Sukamdani,Partai Demokrasi Indonesia Perjuangan,Jakarta I,Dki Jakarta
Eriko Sotarduga ,Partai Demokrasi Indonesia Perjuangan,Jakarta II,Dki Jakarta
Masinton Pasaribu,Partai Demokrasi Indonesia Perjuangan,Jakarta II,Dki Jakarta
Charles Honoris,Partai Demokrasi Indonesia Perjuangan,Jakarta III,Dki Jakarta
Effendi MS Simbolon,Partai Demokrasi Indonesia Perjuangan,Jakarta III,Dki Jakarta
Darmadi Durianto,Partai Demokrasi Indonesia Perjuangan,Jakarta III,Dki Jakarta
Junico BP Siahaan,Partai Demokrasi Indonesia Perjuangan,Jawa Barat I,Jawa Barat
Ketut Sustiawan,Partai Demokrasi Indonesia Perjuangan,Jawa Barat I,Jawa Barat
Yadi Srimulyadi,Partai Demokrasi Indonesia Perjuangan,Jawa Barat II,Jawa Barat
Jalaludin Rakhmat,Partai Demokrasi Indonesia Perjuangan,Jawa Barat II,Jawa Barat
Diah Pitaloka,Partai Demokrasi Indonesia Perjuangan,Jawa Barat III,Jawa Barat
Ribka Tjiptaning,Partai Demokrasi Indonesia Perjuangan,Jawa Barat IV,Jawa Barat
Adian Yunus Yusak Napitupulu,Partai Demokrasi Indonesia Perjuangan,Jawa Barat V,Jawa Barat
Indra P Simatupang,Partai Demokrasi Indonesia Perjuangan,Jawa Barat V,Jawa Barat
Sukur Nababan,Partai Demokrasi Indonesia Perjuangan,Jawa Barat VI,Jawa Barat
Risa Mariska,Partai Demokrasi Indonesia Perjuangan,Jawa Barat VI,Jawa Barat
Rieke Diah Pitaloka,Partai Demokrasi Indonesia Perjuangan,Jawa Barat VII,Jawa Barat
Tono Bahtiar,Partai Demokrasi Indonesia Perjuangan,Jawa Barat VII,Jawa Barat
Ono Surono,Partai Demokrasi Indonesia Perjuangan,Jawa Barat VIII,Jawa Barat
Yoseph Umarhadi,Partai Demokrasi Indonesia Perjuangan,Jawa Barat VIII,Jawa Barat
Maruarar Sirait,Partai Demokrasi Indonesia Perjuangan,Jawa Barat IX,Jawa Barat
TB Hasanuddin,Partai Demokrasi Indonesia Perjuangan,Jawa Barat IX,Jawa Barat
Puti Guntur Soekarno,Partai Demokrasi Indonesia Perjuangan,Jawa Barat X,Jawa Barat
Dony Maryadi Oekon,Partai Demokrasi Indonesia Perjuangan,Jawa Barat II,Jawa Barat
Juliari P Batubara,Partai Demokrasi Indonesia Perjuangan,Jawa Tengah I,Jawa Tengah
Tjahjo Kumolo,Partai Demokrasi Indonesia Perjuangan,Jawa Tengah I,Jawa Tengah
Daryatmo Mardiyanto,Partai Demokrasi Indonesia Perjuangan,Jawa Tengah II,Jawa Tengah
Imam Suroso,Partai Demokrasi Indonesia Perjuangan,Jawa Tengah III,Jawa Tengah
Evita Nursanty,Partai Demokrasi Indonesia Perjuangan,Jawa Tengah III,Jawa Tengah
Bambang Wuryanto,Partai Demokrasi Indonesia Perjuangan,Jawa Tengah IV,Jawa Tengah
Agustina Wilujeng Pramestuti,Partai Demokrasi Indonesia Perjuangan,Jawa Tengah IV,Jawa Tengah
Puan Maharani,Partai Demokrasi Indonesia Perjuangan,Jawa Tengah V,Jawa Tengah
Aria Bima,Partai Demokrasi Indonesia Perjuangan,Jawa Tengah V,Jawa Tengah
Rahmad Handoyo,Partai Demokrasi Indonesia Perjuangan,Jawa Tengah V,Jawa Tengah
Sudjadi,Partai Demokrasi Indonesia Perjuangan,Jawa Tengah VI,Jawa Tengah
Nusyirwan Soedjono,Partai Demokrasi Indonesia Perjuangan,Jawa Tengah VI,Jawa Tengah
Utut Adianto,Partai Demokrasi Indonesia Perjuangan,Jawa Tengah VII,Jawa Tengah
Adisatrya Suryo Sulisto,Partai Demokrasi Indonesia Perjuangan,Jawa Tengah VIII,Jawa Tengah
Budiman Sudjatmiko,Partai Demokrasi Indonesia Perjuangan,Jawa Tengah VIII,Jawa Tengah
Muhammad Prakosa,Partai Demokrasi Indonesia Perjuangan,Jawa Tengah IX,Jawa Tengah
Damayanti Wisnu Putranti,Partai Demokrasi Indonesia Perjuangan,Jawa Tengah IX,Jawa Tengah
Hendrawan Supratikno,Partai Demokrasi Indonesia Perjuangan,Jawa Tengah I,Jawa Tengah
Mohammad Idham Samawi,Partai Demokrasi Indonesia Perjuangan,DI Yogyakarta,DI Yogyakarta
My Esti Wijayati,Partai Demokrasi Indonesia Perjuangan,DI Yogyakarta,DI Yogyakarta
Guruh Irianto Sukarno Putra,Partai Demokrasi Indonesia Perjuangan,Jawa Timur I,Jawa Timur
Indah Kurnia,Partai Demokrasi Indonesia Perjuangan,Jawa Timur I,Jawa Timur
Henky Kurniadi,Partai Demokrasi Indonesia Perjuangan,Jawa Timur I,Jawa Timur
Hamka Haq,Partai Demokrasi Indonesia Perjuangan,Jawa Timur II,Jawa Timur
Nursuhud,Partai Demokrasi Indonesia Perjuangan,Jawa Timur III,Jawa Timur
Arif Wibowo,Partai Demokrasi Indonesia Perjuangan,Jawa Timur IV,Jawa Timur
Ahmad Basarah,Partai Demokrasi Indonesia Perjuangan,Jawa Timur V,Jawa Timur
Andreas Eddy Susetyo,Partai Demokrasi Indonesia Perjuangan,Jawa Timur V,Jawa Timur
Pramono Anung Wibowo,Partai Demokrasi Indonesia Perjuangan,Jawa Timur VI,Jawa Timur
Djarot Saiful Hidajat,Partai Demokrasi Indonesia Perjuangan,Jawa Timur VI,Jawa Timur
Budi Yuwono,Partai Demokrasi Indonesia Perjuangan,Jawa Timur VI,Jawa Timur
Sirmadji,Partai Demokrasi Indonesia Perjuangan,Jawa Timur VII,Jawa Timur
Sadarestuwati,Partai Demokrasi Indonesia Perjuangan,Jawa Timur VIII,Jawa Timur
Mindo Sianipar,Partai Demokrasi Indonesia Perjuangan,Jawa Timur VIII,Jawa Timur
Abidin Fikri,Partai Demokrasi Indonesia Perjuangan,Jawa Timur IX,Jawa Timur
Nasyirul Falah Amru,Partai Demokrasi Indonesia Perjuangan,Jawa Timur X,Jawa Timur
Said Abdullah,Partai Demokrasi Indonesia Perjuangan,Jawa Timur II,Jawa Timur
Mochamad Hasbi Asyidiki Jayabaya,Partai Demokrasi Indonesia Perjuangan,Banten I,Banten
Ichsan Soelistio,Partai Demokrasi Indonesia Perjuangan,Banten II,Banten
Herdian Koosnadi,Partai Demokrasi Indonesia Perjuangan,Banten III,Banten
Marinus Gea,Partai Demokrasi Indonesia Perjuangan,Banten III,Banten
Wayan Koster,Partai Demokrasi Indonesia Perjuangan,Bali,Bali
I Made Urip,Partai Demokrasi Indonesia Perjuangan,Bali,Bali
I Gusti Agung Rai Wirajaya,Partai Demokrasi Indonesia Perjuangan,Bali,Bali
Nyoman Dhamantra,Partai Demokrasi Indonesia Perjuangan,Bali,Bali
Rachmat Hidayat,Partai Demokrasi Indonesia Perjuangan,Nusa Tenggara Barat,Nusa Tenggara Barat
Honing Sanny,Partai Demokrasi Indonesia Perjuangan,Nusa Tenggara Timur I,Nusa Tenggara Timur
Herman Hery,Partai Demokrasi Indonesia Perjuangan,Nusa Tenggara Timur II,Nusa Tenggara Timur
Karolin Margret Natasa,Partai Demokrasi Indonesia Perjuangan,Kalimantan Barat,Kalimantan Barat
Lasarus,Partai Demokrasi Indonesia Perjuangan,Kalimantan Barat,Kalimantan Barat
G Michael Jeno,Partai Demokrasi Indonesia Perjuangan,Kalimantan Barat,Kalimantan Barat
Willy M Yoseph,Partai Demokrasi Indonesia Perjuangan,Kalimantan Tengah,Kalimantan Tengah
Asdy Narang,Partai Demokrasi Indonesia Perjuangan,Kalimantan Tengah,Kalimantan Tengah
Adriansya,Partai Demokrasi Indonesia Perjuangan,Kalimantan Selatan II,Kalimantan Selatan
Marten Apuy,Partai Demokrasi Indonesia Perjuangan,Kalimantan Timur,Kalimantan Timur
Olly Dondokambey,Partai Demokrasi Indonesia Perjuangan,Sulawesi Utara,Sulawesi Utara
Vanda Sarundajang,Partai Demokrasi Indonesia Perjuangan,Sulawesi Utara,Sulawesi Utara
Rendy M Affandy Lamadjido,Partai Demokrasi Indonesia Perjuangan,Sulawesi Utara,Sulawesi Utara
Andi Ridwan Wittiri,Partai Demokrasi Indonesia Perjuangan,Sulawesi Selatan I,Sulawesi Selatan
Samsu Niang,Partai Demokrasi Indonesia Perjuangan,Sulawesi Selatan II,Sulawesi Selatan
Mercy Chriesty Barends,Partai Demokrasi Indonesia Perjuangan,Maluku,Maluku
Irine Yusiana Roba Putri,Partai Demokrasi Indonesia Perjuangan,Maluku Utara,Maluku Utara
Komarudin Watubun,Partai Demokrasi Indonesia Perjuangan,Papua,Papua
Tony Wardoyo,Partai Demokrasi Indonesia Perjuangan,Papua,Papua
Jimmy Demianus Ijie,Partai Demokrasi Indonesia Perjuangan,Papua Barat,Papua Barat
Salim Fakhry,Partai Golongan Karya,Aceh I,Aceh
Firmandez,Partai Golongan Karya,Aceh II,Aceh
Meutya Hafid,Partai Golongan Karya,Sumatera Utara I,Sumatera Utara
Rambe Kamarul Zaman,Partai Golongan Karya,Sumatera Utara II,Sumatera Utara
Delia Pratiwi BR Sitepu,Partai Golongan Karya,Sumatera Utara III,Sumatera Utara
Anthon Sihombing,Partai Golongan Karya,Sumatera Utara III,Sumatera Utara
Betti Shadiq Pasadigoe,Partai Golongan Karya,Sumatera Barat I,Sumatera Barat
John Kenedy Azis,Partai Golongan Karya,Sumatera Barat II,Sumatera Barat
Tabrani Maamun,Partai Golongan Karya,Riau I,Riau
HM Idris Laena,Partai Golongan Karya,Riau II,Riau
Saniatul Lativa,Partai Golongan Karya,Jambi,Jambi
Dodi Reza Alex Noerdin,Partai Golongan Karya,Sumatera Selatan I,Sumatera Selatan
Kahar Muzakir,Partai Golongan Karya,Sumatera Selatan I,Sumatera Selatan
Bobby Adhityo Rizaldi,Partai Golongan Karya,Sumatera Selatan II,Sumatera Selatan
Dwie Aroem Hadiyatie,Partai Golongan Karya,Lampung I,Lampung
Aziz Syamsuddi,Partai Golongan Karya,Lampung II,Lampung
Azhar Romli,Partai Golongan Karya,Bangka Belitung,Kep. Bangka Belitung
Bambang Wiyogo,Partai Golongan Karya,Jakarta I,Dki Jakarta
Fayakhun Andriadi,Partai Golongan Karya,Jakarta II,Dki Jakarta
Tantowi Yahya,Partai Golongan Karya,Jakarta III,Dki Jakarta
Popong Otje Djunjunan,Partai Golongan Karya,Jawa Barat I,Jawa Barat
Agus Gumiwang Kartasasmita,Partai Golongan Karya,Jawa Barat II,Jawa Barat
Lili Asdjudiredja,Partai Golongan Karya,Jawa Barat II,Jawa Barat
Deding Ishaq,Partai Golongan Karya,Jawa Barat III,Jawa Barat
Eka Sastra,Partai Golongan Karya,Jawa Barat III,Jawa Barat
Dewi Asmara,Partai Golongan Karya,Jawa Barat IV,Jawa Barat
Airlangga Hartarto,Partai Golongan Karya,Jawa Barat V,Jawa Barat
Ichsan Firdaus,Partai Golongan Karya,Jawa Barat V,Jawa Barat
Wenny Haryanto,Partai Golongan Karya,Jawa Barat VI,Jawa Barat
Ade Komarudin,Partai Golongan Karya,Jawa Barat VII,Jawa Barat
Dadang S Muchtar,Partai Golongan Karya,Jawa Barat VII,Jawa Barat
Dave Akbarshah Fikarno,Partai Golongan Karya,Jawa Barat VIII,Jawa Barat
Daniel Mutaqien Syafiuddin,Partai Golongan Karya,Jawa Barat VIII,Jawa Barat
Eldie Suwandie,Partai Golongan Karya,Jawa Barat IX,Jawa Barat
Agun Gunanjar Sudarsa,Partai Golongan Karya,Jawa Barat X,Jawa Barat
Ferdiansyah,Partai Golongan Karya,Jawa Barat XI,Jawa Barat
Ahmad Zacky Siradj,Partai Golongan Karya,Jawa Barat XI,Jawa Barat
Mujib Rohmat,Partai Golongan Karya,Jawa Tengah I,Jawa Tengah
Nusron Wahid,Partai Golongan Karya,Jawa Tengah II,Jawa Tengah
Bowo Sidik Pangarso,Partai Golongan Karya,Jawa Tengah II,Jawa Tengah
Firman Subagyo,Partai Golongan Karya,Jawa Tengah III,Jawa Tengah
Endang Maria Astuti,Partai Golongan Karya,Jawa Tengah IV,Jawa Tengah
Endang Srikarti Handayani,Partai Golongan Karya,Jawa Tengah V,Jawa Tengah
Iqbal Wibisono,Partai Golongan Karya,Jawa Tengah VI,Jawa Tengah
Bambang Soesatyo,Partai Golongan Karya,Jawa Tengah VII,Jawa Tengah
Dito Ganindito,Partai Golongan Karya,Jawa Tengah VIII,Jawa Tengah
Agung Widyantoro,Partai Golongan Karya,Jawa Tengah IX,Jawa Tengah
Budi Supriyanto,Partai Golongan Karya,Jawa Tengah X,Jawa Tengah
Siti Hediyati Soeharto,Partai Golongan Karya,DI Yogyakarta,DI Yogyakarta
Adies Kadir,Partai Golongan Karya,Jawa Timur I,Jawa Timur
Mukhamad Misbakhun,Partai Golongan Karya,Jawa Timur II,Jawa Timur
Hardisoesilo,Partai Golongan Karya,Jawa Timur III,Jawa Timur
Muhammad Nur Purnamasidi,Partai Golongan Karya,Jawa Timur IV,Jawa Timur
Ridwan Hisjam,Partai Golongan Karya,Jawa Timur V,Jawa Timur
Sarmuji,Partai Golongan Karya,Jawa Timur VI,Jawa Timur
Gatot Soedjito,Partai Golongan Karya,Jawa Timur VII,Jawa Timur
Mohammad Suryo Alam,Partai Golongan Karya,Jawa Timur VIII,Jawa Timur
SW Yudha,Partai Golongan Karya,Jawa Timur IX,Jawa Timur
Eni Maulani S,Partai Golongan Karya,Jawa Timur X,Jawa Timur
Zainudin Amali,Partai Golongan Karya,Jawa Timur II,Jawa Timur
Andika Hazrumy,Partai Golongan Karya,Banten I,Banten
Yayat Y Biaro,Partai Golongan Karya,Banten III,Banten
Andi Achmad Dara,Partai Golongan Karya,Banten III,Banten
Gde Sumarja Linggih,Partai Golongan Karya,Bali,Bali
AA Bagus Adhi Mahendra Putra,Partai Golongan Karya,Bali,Bali
Muhammad Lutfi,Partai Golongan Karya,Nusa Tenggara Barat,Nusa Tenggara Barat
Melchias Markus Mekeng,Partai Golongan Karya,Nusa Tenggara Timur I,Nusa Tenggara Timur
Setya Novanto,Partai Golongan Karya,Nusa Tenggara Timur I,Nusa Tenggara Timur
Charles J Mesang,Partai Golongan Karya,Nusa Tenggara Timur II,Nusa Tenggara Timur
Zul Fadhli,Partai Golongan Karya,Kalimantan Barat,Kalimantan Barat
Agati Sulie Mahyudin,Partai Golongan Karya,Kalimantan Tengah,Kalimantan Tengah
Ahmadi Noor Supit,Partai Golongan Karya,Kalimantan Selatan I,Kalimantan Selatan
Indro Hananto,Partai Golongan Karya,Kalimantan Selatan I,Kalimantan Selatan
Hasnuryadi Sulaiman,Partai Golongan Karya,Kalimantan Selatan II,Kalimantan Selatan
Mahyudin,Partai Golongan Karya,Kalimantan Timur,Kalimantan Timur
Neni Moerniaeni,Partai Golongan Karya,Kalimantan Timur,Kalimantan Timur
Aditya Anugrah Moha,Partai Golongan Karya,Sulawesi Utara,Sulawesi Utara
Mohammad Said,Partai Golongan Karya,Sulawesi Tengah,Sulawesi Tengah
Hamka B Kady,Partai Golongan Karya,Sulawesi Selatan I,Sulawesi Selatan
Syamsul Bachri,Partai Golongan Karya,Sulawesi Selatan II,Sulawesi Selatan
Andi Rio Idris Padjalangi,Partai Golongan Karya,Sulawesi Selatan II,Sulawesi Selatan
Markus Nari,Partai Golongan Karya,Sulawesi Selatan III,Sulawesi Selatan
Andi Fauziah Pujiwatie Hatta,Partai Golongan Karya,Sulawesi Selatan III,Sulawesi Selatan
Ridwan Bae,Partai Golongan Karya,Sulawesi Tenggara,Sulawesi Tenggara
Fadel Muhammad,Partai Golongan Karya,Gorontalo,Gorontalo
Roem Pono,Partai Golongan Karya,Gorontalo,Gorontalo
Enny Anggraeny Anwar,Partai Golongan Karya,Sulawesi Barat,Sulawesi Barat
Edison Betaubun,Partai Golongan Karya,Maluku,Maluku
Saiful Bahri Ruray,Partai Golongan Karya,Maluku Utara,Maluku Utara
Elion Numberi,Partai Golongan Karya,Papua,Papua
Robert Joppy Kardinal,Partai Golongan Karya,Papua Barat,Papua Barat
Fadhlullah,Partai Gerakan Indonesia Raya,Aceh I,Aceh
Khaidir,Partai Gerakan Indonesia Raya,Aceh II,Aceh
Muhammad Syafi'i,Partai Gerakan Indonesia Raya,Sumatera Utara I,Sumatera Utara
Gus Irawan Pasaribu,Partai Gerakan Indonesia Raya,Sumatera Utara II,Sumatera Utara
Suasana Dachi,Partai Gerakan Indonesia Raya,Sumatera Utara II,Sumatera Utara
Martin Hutabarat,Partai Gerakan Indonesia Raya,Sumatera Utara III,Sumatera Utara
Suir Syam,Partai Gerakan Indonesia Raya,Sumatera Barat I,Sumatera Barat
Ade Rezki Pratama,Partai Gerakan Indonesia Raya,Sumatera Barat II,Sumatera Barat
Rita Zahara,Partai Gerakan Indonesia Raya,Riau I,Riau
Nurzahedi,Partai Gerakan Indonesia Raya,Riau II,Riau
H.A.R Sutan Adil Hendra,Partai Gerakan Indonesia Raya,Jambi,Jambi
Edhy Prabowo,Partai Gerakan Indonesia Raya,Sumatera Selatan I,Sumatera Selatan
Sri Meliyana,Partai Gerakan Indonesia Raya,Sumatera Selatan II,Sumatera Selatan
Susi Marleny Bachsin,Partai Gerakan Indonesia Raya,Bengkulu,Bengkulu
Ahmad Muzani,Partai Gerakan Indonesia Raya,Lampung I,Lampung
Dwita Ria Gunadi,Partai Gerakan Indonesia Raya,Lampung II,Lampung
Asril Hamzah Tanjung,Partai Gerakan Indonesia Raya,Jakarta I,Dki Jakarta
Biem Triani Benjamin,Partai Gerakan Indonesia Raya,Jakarta II,Dki Jakarta
Aryo P.S Djojohadikusumo,Partai Gerakan Indonesia Raya,Jakarta III,Dki Jakarta
Sodik Mudjahid,Partai Gerakan Indonesia Raya,Jawa Barat I,Jawa Barat
Rachel Maryam Sayidina,Partai Gerakan Indonesia Raya,Jawa Barat II,Jawa Barat
Ahmad Riza Patria,Partai Gerakan Indonesia Raya,Jawa Barat III,Jawa Barat
Heri Gunawan,Partai Gerakan Indonesia Raya,Jawa Barat IV,Jawa Barat
Fadli Zon,Partai Gerakan Indonesia Raya,Jawa Barat V,Jawa Barat
Nuroji,Partai Gerakan Indonesia Raya,Jawa Barat VI,Jawa Barat
Putih Sari,Partai Gerakan Indonesia Raya,Jawa Barat VII,Jawa Barat
Kardaya Warnika,Partai Gerakan Indonesia Raya,Jawa Barat VIII,Jawa Barat
Oo Sutisna,Partai Gerakan Indonesia Raya,Jawa Barat IX,Jawa Barat
Subarna,Partai Gerakan Indonesia Raya,Jawa Barat XI,Jawa Barat
Jamal Mirdad,Partai Gerakan Indonesia Raya,Jawa Tengah I,Jawa Tengah
Abdul Wachid,Partai Gerakan Indonesia Raya,Jawa Tengah II,Jawa Tengah
Sri Wulan,Partai Gerakan Indonesia Raya,Jawa Tengah III,Jawa Tengah
Rahayu Saraswati Djojohadikusumo,Partai Gerakan Indonesia Raya,Jawa Tengah IV,Jawa Tengah
Bambang Riyanto,Partai Gerakan Indonesia Raya,Jawa Tengah V,Jawa Tengah
Harry Poernomo,Partai Gerakan Indonesia Raya,Jawa Tengah VI,Jawa Tengah
KRT. H Darori Wonodipuro,Partai Gerakan Indonesia Raya,Jawa Tengah VII,Jawa Tengah
Novita Wijayanti,Partai Gerakan Indonesia Raya,Jawa Tengah VIII,Jawa Tengah
Mohamad Hekal,Partai Gerakan Indonesia Raya,Jawa Tengah IX,Jawa Tengah
Ramson Siagian,Partai Gerakan Indonesia Raya,Jawa Tengah X,Jawa Tengah
Andika Pandu Puragabaya,Partai Gerakan Indonesia Raya,DI Yogyakarta,DI Yogyakarta
Bambang Haryo Soekartono,Partai Gerakan Indonesia Raya,Jawa Timur I,Jawa Timur
Soepriyatno,Partai Gerakan Indonesia Raya,Jawa Timur II,Jawa Timur
Sumail Abdullah,Partai Gerakan Indonesia Raya,Jawa Timur III,Jawa Timur
Bambang Haryadi,Partai Gerakan Indonesia Raya,Jawa Timur IV,Jawa Timur
Moreno Soeprapto,Partai Gerakan Indonesia Raya,Jawa Timur V,Jawa Timur
Endro Hermono,Partai Gerakan Indonesia Raya,Jawa Timur VI,Jawa Timur
Supriyanto,Partai Gerakan Indonesia Raya,Jawa Timur VII,Jawa Timur
Sareh Wiyono,Partai Gerakan Indonesia Raya,Jawa Timur VIII,Jawa Timur
Wihadi Wiyanto,Partai Gerakan Indonesia Raya,Jawa Timur IX,Jawa Timur
Khilmi,Partai Gerakan Indonesia Raya,Jawa Timur X,Jawa Timur
Moh Nizar Zahro,Partai Gerakan Indonesia Raya,Jawa Timur XI,Jawa Timur
Anda,Partai Gerakan Indonesia Raya,Banten I,Banten
Desmond Junaidi Mahesa,Partai Gerakan Indonesia Raya,Banten II,Banten
Sufmi Dasco Ahmad,Partai Gerakan Indonesia Raya,Banten III,Banten
Ida Bagus Putu Sukarta,Partai Gerakan Indonesia Raya,Bali,Bali
Wilgo Zainar,Partai Gerakan Indonesia Raya,Nusa Tenggara Barat,Nusa Tenggara Barat
Pius Lustrilanang,Partai Gerakan Indonesia Raya,Nusa Tenggara Timur I,Nusa Tenggara Timur
Fary Djemy Francis,Partai Gerakan Indonesia Raya,Nusa Tenggara Timur II,Nusa Tenggara Timur
Katherine A Oendoen,Partai Gerakan Indonesia Raya,Kalimantan Barat,Kalimantan Barat
Iwa Kurniawan,Partai Gerakan Indonesia Raya,Kalimantan Tengah,Kalimantan Tengah
Saiful Rasyid,Partai Gerakan Indonesia Raya,Kalimantan Selatan I,Kalimantan Selatan
Sjachrani Mataja,Partai Gerakan Indonesia Raya,Kalimantan Selatan II,Kalimantan Selatan
Luther Kombong,Partai Gerakan Indonesia Raya,Kalimantan Timur,Kalimantan Timur
Wenny Warouw,Partai Gerakan Indonesia Raya,Sulawesi Utara,Sulawesi Utara
Supratman Andi Agtas,Partai Gerakan Indonesia Raya,Sulawesi Tengah,Sulawesi Tengah
Azikin Solthan,Partai Gerakan Indonesia Raya,Sulawesi Selatan I,Sulawesi Selatan
Andi Iwan Darmawan Aras,Partai Gerakan Indonesia Raya,Sulawesi Selatan II,Sulawesi Selatan
Andi Nawir,Partai Gerakan Indonesia Raya,Sulawesi Selatan III,Sulawesi Selatan
Haerul Saleh,Partai Gerakan Indonesia Raya,Sulawesi Tenggara,Sulawesi Tenggara
Elnino M Husein Mohi,Partai Gerakan Indonesia Raya,Gorontalo,Gorontalo
Ruskati Ali Baal,Partai Gerakan Indonesia Raya,Sulawesi Barat,Sulawesi Barat
Amrullah Amri Tuasikal,Partai Gerakan Indonesia Raya,Maluku,Maluku
Roberth Rouw,Partai Gerakan Indonesia Raya,Papua,Papua
Teuku Riefky Harsya,Partai Demokrat,Aceh I,Aceh
Muslim,Partai Demokrat,Aceh II,Aceh
Ruhut Poltak Sitompul,Partai Demokrat,Sumatera Utara I,Sumatera Utara
Rooslynda Marpaung,Partai Demokrat,Sumatera Utara II,Sumatera Utara
Rudi Hartono Bangun,Partai Demokrat,Sumatera Utara III,Sumatera Utara
Darizal Basir,Partai Demokrat,Sumatera Barat I,Sumatera Barat
Mulyadi,Partai Demokrat,Sumatera Barat II,Sumatera Barat
Sutan Sukarnotomo,Partai Demokrat,Riau I,Riau
Muhammad Nasir,Partai Demokrat,Riau II,Riau
Zulfikar Achmad,Partai Demokrat,Jambi,Jambi
Wahyu Sanjaya,Partai Demokrat,Sumatera Selatan II,Sumatera Selatan
Syofwatillah Mohzaib,Partai Demokrat,Sumatera Selatan I,Sumatera Selatan
Zulkifli Anwar,Partai Demokrat,Lampung I,Lampung
Marwan Cik Asan,Partai Demokrat,Lampung II,Lampung
Eko Wijaya,Partai Demokrat,Bangka Belitung,Kep. Bangka Belitung
Dwi Astuti Wulandari,Partai Demokrat,Jakarta I,Dki Jakarta
Melani Leimena Suharli,Partai Demokrat,Jakarta II,Dki Jakarta
Agung Budi Santoso,Partai Demokrat,Jawa Barat I,Jawa Barat
Dede Yusuf Macan Effendi,Partai Demokrat,Jawa Barat II,Jawa Barat
Sjarifuddin Hasan,Partai Demokrat,Jawa Barat III,Jawa Barat
Anton Sukartono Suratto,Partai Demokrat,Jawa Barat V,Jawa Barat
Saan Mustopa,Partai Demokrat,Jawa Barat VII,Jawa Barat
Erman Khaeron,Partai Demokrat,Jawa Barat VIII,Jawa Barat
Linda Megawati,Partai Demokrat,Jawa Barat IX,Jawa Barat
Amin Santono,Partai Demokrat,Jawa Barat X,Jawa Barat
Siti Mufattahah,Partai Demokrat,Jawa Barat XI,Jawa Barat
Agus Hermanto ,Partai Demokrat,Jawa Tengah I,Jawa Tengah
Djoko Udjianto,Partai Demokrat,Jawa Tengah III,Jawa Tengah
Rinto Subekti,Partai Demokrat,Jawa Tengah IV,Jawa Tengah
Khatibul Umam Wiranu,Partai Demokrat,Jawa Tengah VIII,Jawa Tengah
Ambar Tjahyono,Partai Demokrat,DI Yogyakarta,DI Yogyakarta
Fandi Utomo,Partai Demokrat,Jawa Timur I,Jawa Timur
Evi Zainal Abidin,Partai Demokrat,Jawa Timur II,Jawa Timur
Azam Asman Natawijana,Partai Demokrat,Jawa Timur III,Jawa Timur
Ayub Khan,Partai Demokrat,Jawa Timur IV,Jawa Timur
Nurhayati Ali Assegaf,Partai Demokrat,Jawa Timur V,Jawa Timur
Venna Melinda,Partai Demokrat,Jawa Timur VI,Jawa Timur
Edhie Baskoro Yudhoyono,Partai Demokrat,Jawa Timur VII,Jawa Timur
Sartono,Partai Demokrat,Jawa Timur VII,Jawa Timur
Guntur Sasono,Partai Demokrat,Jawa Timur VIII,Jawa Timur
Didik Mukrianto,Partai Demokrat,Jawa Timur IX,Jawa Timur
Mat Nasir,Partai Demokrat,Jawa Timur XI,Jawa Timur
Vivi Sumantri Jayabaya,Partai Demokrat,Banten I,Banten
Wahidin Halim,Partai Demokrat,Banten III,Banten
Jero Wacik,Partai Demokrat,Bali,Bali
I Putu Sudiartana,Partai Demokrat,Bali,Bali
Syamsul Luthfi,Partai Demokrat,Nusa Tenggara Barat,Nusa Tenggara Barat
Benny Kabur Harman,Partai Demokrat,Nusa Tenggara Timur I,Nusa Tenggara Timur
Jefirston R Riwu Kore,Partai Demokrat,Nusa Tenggara Timur II,Nusa Tenggara Timur
Erma Suryani Ranik,Partai Demokrat,Kalimantan Barat,Kalimantan Barat
Noorbaiti Isran Noor,Partai Demokrat,Kalimantan Timur,Kalimantan Timur
Evert Erenst Mangindaan,Partai Demokrat,Sulawesi Utara,Sulawesi Utara
Verna Gladies Merry Inkiriwang,Partai Demokrat,Sulawesi Tengah,Sulawesi Tengah
Aliyah Mustika Ilham,Partai Demokrat,Sulawesi Selatan I,Sulawesi Selatan
Muhammad Nasyit Umar,Partai Demokrat,Sulawesi Selatan II,Sulawesi Selatan
Bahrum Daido,Partai Demokrat,Sulawesi Selatan III,Sulawesi Selatan
Umar Arsal,Partai Demokrat,Sulawesi Tenggara,Sulawesi Tenggara
Salim Mengga,Partai Demokrat,Sulawesi Barat,Sulawesi Barat
Willem Wandik,Partai Demokrat,Papua,Papua
Libert Kristo Ibo,Partai Demokrat,Papua,Papua
Michael Watimena,Partai Demokrat,Papua Barat,Papua Barat
Muslim Ayub,Partai Amanat Nasional,Aceh I,Aceh
Mulfachri Harahap,Partai Amanat Nasional,Sumatera Utara I,Sumatera Utara
Saleh Partaonan Daulay ,Partai Amanat Nasional,Sumatera Utara II,Sumatera Utara
Nasril Bahar ,Partai Amanat Nasional,Sumatera Utara III,Sumatera Utara
MHD Asli Chaidir ,Partai Amanat Nasional,Sumatera Barat I,Sumatera Barat
Jon Erizal ,Partai Amanat Nasional,Riau I,Riau
A Bakri ,Partai Amanat Nasional,Jambi,Jambi
A Hafisz Tohir,Partai Amanat Nasional,Sumatera Selatan I,Sumatera Selatan
Hanna Gayatri ,Partai Amanat Nasional,Sumatera Selatan II,Sumatera Selatan
Dewi Coryati ,Partai Amanat Nasional,Bengkulu,Bengkulu
Zulkifli Hasan ,Partai Amanat Nasional,Lampung I,Lampung
Alimin Abdullah ,Partai Amanat Nasional,Lampung II,Lampung
Asman Abnur,Partai Amanat Nasional,Kepulauan Riau,Kep.Riau
Ahmad Najib Qodratullah ,Partai Amanat Nasional,Jawa Barat II,Jawa Barat
Desy Ratnasari ,Partai Amanat Nasional,Jawa Barat IV,Jawa Barat
Primus Yustisio,Partai Amanat Nasional,Jawa Barat V,Jawa Barat
Lucky Hakim ,Partai Amanat Nasional,Jawa Barat VI,Jawa Barat
Daeng Muhammad ,Partai Amanat Nasional,Jawa Barat VII,Jawa Barat
Budi Youyastri ,Partai Amanat Nasional,Jawa Barat X,Jawa Barat
Haerudin ,Partai Amanat Nasional,Jawa Barat XI,Jawa Barat
Yayuk Basuki ,Partai Amanat Nasional,Jawa Tengah I,Jawa Tengah
Laila Istiana ,Partai Amanat Nasional,Jawa Tengah IV,Jawa Tengah
Mohammad Hatta ,Partai Amanat Nasional,Jawa Tengah V,Jawa Tengah
Tjatur Sapto Edy ,Partai Amanat Nasional,Jawa Tengah VI,Jawa Tengah
Taufik Kurniawan ,Partai Amanat Nasional,Jawa Tengah VII,Jawa Tengah
Ammy Amalia Fatma Surya ,Partai Amanat Nasional,Jawa Tengah VIII,Jawa Tengah
Teguh Juwarno ,Partai Amanat Nasional,Jawa Tengah IX,Jawa Tengah
Andriyanto Johan Syah ,Partai Amanat Nasional,Jawa Tengah X,Jawa Tengah
A Hanafi Rais ,Partai Amanat Nasional,DI Yogyakarta,DI Yogyakarta
Sungkono ,Partai Amanat Nasional,Jawa Timur I,Jawa Timur
Anang Hermansyah ,Partai Amanat Nasional,Jawa Timur IV,Jawa Timur
Totok Daryanto ,Partai Amanat Nasional,Jawa Timur V,Jawa Timur
A Riski Sadig,Partai Amanat Nasional,Jawa Timur VI,Jawa Timur
Eko Hendro Purnomo ,Partai Amanat Nasional,Jawa Timur VIII,Jawa Timur
Kuswiyanto ,Partai Amanat Nasional,Jawa Timur IX,Jawa Timur
Viva Yoga Mauladi ,Partai Amanat Nasional,Jawa Timur X,Jawa Timur
Yandri Susanto ,Partai Amanat Nasional,Banten II,Banten
M Ali Taher ,Partai Amanat Nasional,Banten III,Banten
Muhammad Syafrudin ,Partai Amanat Nasional,Nusa Tenggara Barat,Nusa Tenggara Barat
Laurens Bahang Dama ,Partai Amanat Nasional,Nusa Tenggara Timur I,Nusa Tenggara Timur
Sukiman ,Partai Amanat Nasional,Kalimantan Barat,Kalimantan Barat
Hang Ali Saputra Syah Pahan ,Partai Amanat Nasional,Kalimantan Tengah,Kalimantan Tengah
Yasti Soepredjo Mokoagow ,Partai Amanat Nasional,Sulawesi Utara,Sulawesi Utara
Indira Chunda Thita Syahrul,Partai Amanat Nasional,Sulawesi Selatan I,Sulawesi Selatan
Andi Taufan Tiro ,Partai Amanat Nasional,Sulawesi Selatan II,Sulawesi Selatan
Amran,Partai Amanat Nasional,Sulawesi Selatan III,Sulawesi Selatan
Asnawati Hasan ,Partai Amanat Nasional,Sulawesi Tenggara,Sulawesi Tenggara
Mohammad Yamin Tawary,Partai Amanat Nasional,Maluku Utara,Maluku Utara
Jamaluddin Jafar ,Partai Amanat Nasional,Papua,Papua
Irmawan,Partai Kebangkitan Bangsa,Aceh I,Aceh
Marwan Dasopang ,Partai Kebangkitan Bangsa,Sumatera Utara II,Sumatera Utara
Muhammad Lukman Edi ,Partai Kebangkitan Bangsa,Riau II,Riau
Handayani ,Partai Kebangkitan Bangsa,Jambi,Jambi
Bertu Merlas ,Partai Kebangkitan Bangsa,Sumatera Selatan II,Sumatera Selatan
Musa Zainudin ,Partai Kebangkitan Bangsa,Lampung I,Lampung
Chusnunia Chalim ,Partai Kebangkitan Bangsa,Lampung II,Lampung
Cucun Ahmad Saymsurijal ,Partai Kebangkitan Bangsa,Jawa Barat II,Jawa Barat
Neng Eem Marhamah Zulfa Hiz ,Partai Kebangkitan Bangsa,Jawa Barat III,Jawa Barat
Krisna Mukti ,Partai Kebangkitan Bangsa,Jawa Barat VII,Jawa Barat
Dedi Wahidi ,Partai Kebangkitan Bangsa,Jawa Barat VIII,Jawa Barat
Maman Imanul Haq,Partai Kebangkitan Bangsa,Jawa Barat IX,Jawa Barat
Yanuar Prihatin,Partai Kebangkitan Bangsa,Jawa Barat X,Jawa Barat
Acep Adang Ruhiat ,Partai Kebangkitan Bangsa,Jawa Barat XI,Jawa Barat
Alamudin Dimyati Rois ,Partai Kebangkitan Bangsa,Jawa Tengah I,Jawa Tengah
Fathan ,Partai Kebangkitan Bangsa,Jawa Tengah II,Jawa Tengah
Marwan Ja'far ,Partai Kebangkitan Bangsa,Jawa Tengah III,Jawa Tengah
Muhammad Toha ,Partai Kebangkitan Bangsa,Jawa Tengah V,Jawa Tengah
Abdul Kadir Karding ,Partai Kebangkitan Bangsa,Jawa Tengah VI,Jawa Tengah
Taufiq R Abdullah,Partai Kebangkitan Bangsa,Jawa Tengah VII,Jawa Tengah
Siti Mukarromah ,Partai Kebangkitan Bangsa,Jawa Tengah VIII,Jawa Tengah
Bachrudin Nasori ,Partai Kebangkitan Bangsa,Jawa Tengah IX,Jawa Tengah
Muh. Hanif Dhakiri ,Partai Kebangkitan Bangsa,Jawa Tengah X,Jawa Tengah
Bisri Romly ,Partai Kebangkitan Bangsa,Jawa Tengah X,Jawa Tengah
Agus Sulistiono,Partai Kebangkitan Bangsa,DI Yogyakarta,DI Yogyakarta
Imam Nahrawi ,Partai Kebangkitan Bangsa,Jawa Timur I,Jawa Timur
Syaikhul Islam ,Partai Kebangkitan Bangsa,Jawa Timur I,Jawa Timur
Abdul Malik Haramain ,Partai Kebangkitan Bangsa,Jawa Timur II,Jawa Timur
Nihayatul Wafiroh ,Partai Kebangkitan Bangsa,Jawa Timur III,Jawa Timur
M Nasim Khan ,Partai Kebangkitan Bangsa,Jawa Timur III,Jawa Timur
Syaiful Bahri Anshori ,Partai Kebangkitan Bangsa,Jawa Timur IV,Jawa Timur
Hadi Zainal Abidin,Partai Kebangkitan Bangsa,Jawa Timur IV,Jawa Timur
Latifah Sohib ,Partai Kebangkitan Bangsa,Jawa Timur V,Jawa Timur
An'im F mahrus ,Partai Kebangkitan Bangsa,Jawa Timur VI,Jawa Timur
Ibnu Multazam ,Partai Kebangkitan Bangsa,Jawa Timur VII,Jawa Timur
Abd Muhaimin Iskandar ,Partai Kebangkitan Bangsa,Jawa Timur VIII,Jawa Timur
Ida Fauziyah ,Partai Kebangkitan Bangsa,Jawa Timur VIII,Jawa Timur
Anna Mu'awanah ,Partai Kebangkitan Bangsa,Jawa Timur IX,Jawa Timur
Jazilul Fawaid ,Partai Kebangkitan Bangsa,Jawa Timur X,Jawa Timur
Kholilurrahman,Partai Kebangkitan Bangsa,Jawa Timur XI,Jawa Timur
Siti Masrifah ,Partai Kebangkitan Bangsa,Banten III,Banten
Helmy Faishal Zaini ,Partai Kebangkitan Bangsa,Nusa Tenggara Barat,Nusa Tenggara Barat
Daniel Johan ,Partai Kebangkitan Bangsa,Kalimantan Barat,Kalimantan Barat
Zainul Arifin Noor ,Partai Kebangkitan Bangsa,Kalimantan Selatan I,Kalimantan Selatan
Zairullah Azhar ,Partai Kebangkitan Bangsa,Kalimantan Selatan II,Kalimantan Selatan
Rohani ,Partai Kebangkitan Bangsa,Maluku,Maluku
Peggi Patrisia Pattipi ,Partai Kebangkitan Bangsa,Papua,Papua
Anwar Idris ,Partai Persatuan Pembangunan,Aceh II,Aceh
Hasrul Azwar ,Partai Persatuan Pembangunan,Sumatera Utara I,Sumatera Utara
Fadli Nurzal ,Partai Persatuan Pembangunan,Sumatera Utara III,Sumatera Utara
Epyardi Asda ,Partai Persatuan Pembangunan,Sumatera Barat I,Sumatera Barat
Muhammad Iqbal ,Partai Persatuan Pembangunan,Sumatera Barat II,Sumatera Barat
Elviana,Partai Persatuan Pembangunan,Jambi,Jambi
Achmad Fauzan ,Partai Persatuan Pembangunan,Jakarta I,Dki Jakarta
Okky Asokawati ,Partai Persatuan Pembangunan,Jakarta II,Dki Jakarta
Achmad Dimyati Natakusumah ,Partai Persatuan Pembangunan,Jakarta III,Dki Jakarta
Joko Purwanto ,Partai Persatuan Pembangunan,Jawa Barat III,Jawa Barat
Reni Marlinawati ,Partai Persatuan Pembangunan,Jawa Barat IV,Jawa Barat
Achmad Farial ,Partai Persatuan Pembangunan,Jawa Barat V,Jawa Barat
Wardatul Asriah ,Partai Persatuan Pembangunan,Jawa Barat VII,Jawa Barat
Dony Ahmad Munir ,Partai Persatuan Pembangunan,Jawa Barat IX,Jawa Barat
Asep A Maoshul Affandy ,Partai Persatuan Pembangunan,Jawa Barat X,Jawa Barat
Nurhayati,Partai Persatuan Pembangunan,Jawa Barat XI,Jawa Barat
Mukhlisin,Partai Persatuan Pembangunan,Jawa Tengah II,Jawa Tengah
Moh Arwani Thomafi ,Partai Persatuan Pembangunan,Jawa Tengah III,Jawa Tengah
Lukman Hakim Saifuddin,Partai Persatuan Pembangunan,Jawa Tengah VI,Jawa Tengah
Mochammad Romahurmuziy,Partai Persatuan Pembangunan,Jawa Tengah VII,Jawa Tengah
Achmad Mustaqim ,Partai Persatuan Pembangunan,Jawa Tengah VIII,Jawa Tengah
Zainut Tauhid Sa'adi ,Partai Persatuan Pembangunan,Jawa Tengah IX,Jawa Tengah
Arsul Sani ,Partai Persatuan Pembangunan,Jawa Tengah X,Jawa Tengah
Mustofa Assegaf ,Partai Persatuan Pembangunan,Jawa Timur II,Jawa Timur
Sy Anas Tahir ,Partai Persatuan Pembangunan,Jawa Timur III,Jawa Timur
Iskandar D Syaichu ,Partai Persatuan Pembangunan,Jawa Timur X,Jawa Timur
Fanny Syafriansyah ,Partai Persatuan Pembangunan,Jawa Timur XI,Jawa Timur
Irna Narolita ,Partai Persatuan Pembangunan,Banten I,Banten
Kartika Yudhisti ,Partai Persatuan Pembangunan,Banten II,Banten
Irgan Chairul Mahfiz ,Partai Persatuan Pembangunan,Banten III,Banten
Ermalena,Partai Persatuan Pembangunan,Nusa Tenggara Barat,Nusa Tenggara Barat
Usman Ja'far ,Partai Persatuan Pembangunan,Kalimantan Barat,Kalimantan Barat
Syaifullah Tamliha ,Partai Persatuan Pembangunan,Kalimantan Selatan I,Kalimantan Selatan
Aditya Mufti Ariffin ,Partai Persatuan Pembangunan,Kalimantan Selatan II,Kalimantan Selatan
Kasriyah,Partai Persatuan Pembangunan,Kalimantan Timur,Kalimantan Timur
Amir Uskara,Partai Persatuan Pembangunan,Sulawesi Selatan I,Sulawesi Selatan
Andi Muhammad Galib ,Partai Persatuan Pembangunan,Sulawesi Selatan II,Sulawesi Selatan
Fatmwati Rusdi ,Partai Persatuan Pembangunan,Sulawesi Selatan III,Sulawesi Selatan
Amirul Tamim ,Partai Persatuan Pembangunan,Sulawesi Tenggara,Sulawesi Tenggara
Bahtiar Ali ,Partai Nasdem,Aceh I,Aceh
Zulfan Lindan ,Partai Nasdem,Aceh II,Aceh
Prananda Surya paloh ,Partai Nasdem,Sumatera Utara I,Sumatera Utara
Sahat Silaban ,Partai Nasdem,Sumatera Utara II,Sumatera Utara
Ali Umri ,Partai Nasdem,Sumatera Utara III,Sumatera Utara
Endre Saifoel ,Partai Nasdem,Sumatera Barat I,Sumatera Barat
Irma Suryani,Partai Nasdem,Sumatera Selatan II,Sumatera Selatan
Patrice Rio Capella ,Partai Nasdem,Bengkulu,Bengkulu
Tamanuri,Partai Nasdem,Lampung II,Lampung
Nyat Kadir,Partai Nasdem,Kepulauan Riau,Kep.Riau
Ahmad Sahroni ,Partai Nasdem,Jakarta III,Dki Jakarta
Supiadin Aries saputra ,Partai Nasdem,Jawa Barat XI,Jawa Barat
Fadoli ,Partai Nasdem,Jawa Tengah I,Jawa Tengah
H.M Prasetyo ,Partai Nasdem,Jawa Tengah II,Jawa Tengah
Donny Imam Priambodo ,Partai Nasdem,Jawa Tengah III,Jawa Tengah
Choirul Muna ,Partai Nasdem,Jawa Tengah VI,Jawa Tengah
Amelia Anggraini ,Partai Nasdem,Jawa Tengah VII,Jawa Tengah
Hasan Aminuddin ,Partai Nasdem,Jawa Timur II,Jawa Timur
T. Taufiqulhadi ,Partai Nasdem,Jawa Timur IV,Jawa Timur
Kresna Dewanata Phrosakh ,Partai Nasdem,Jawa Timur V,Jawa Timur
Mohammad Mahardika Suprapto,Partai Nasdem,Jawa Timur VI,Jawa Timur
Yayuk Sri Rahayuningsih ,Partai Nasdem,Jawa Timur VII,Jawa Timur
Soehartono,Partai Nasdem,Jawa Timur VIII,Jawa Timur
Slamet Junaedi ,Partai Nasdem,Jawa Timur IX,Jawa Timur
Tri Murny ,Partai Nasdem,Banten I,Banten
Kurtubi,Partai Nasdem,Nusa Tenggara Barat,Nusa Tenggara Barat
Jhony G Plate ,Partai Nasdem,Nusa Tenggara Timur I,Nusa Tenggara Timur
Viktor Bungtilu Laiskodat ,Partai Nasdem,Nusa Tenggara Timur II,Nusa Tenggara Timur
Syarief Abdullah ALK ,Partai Nasdem,Kalimantan Barat,Kalimantan Barat
Hamdhani ,Partai Nasdem,Kalimantan Tengah,Kalimantan Tengah
Achmad Amins ,Partai Nasdem,Kalimantan Timur,Kalimantan Timur
Ahmad HI M Ali ,Partai Nasdem,Sulawesi Tengah,Sulawesi Tengah
Akbar Faizal ,Partai Nasdem,Sulawesi Selatan II,Sulawesi Selatan
M luthfi A Mutty ,Partai Nasdem,Sulawesi Selatan III,Sulawesi Selatan
Sulaiman L Hamzah ,Partai Nasdem,Papua,Papua
Nurdin Tampubolon ,Partai Hanura,Sumatera Utara I,Sumatera Utara
Rufinus Hotmaulana Hutauruk ,Partai Hanura,Sumatera Utara II,Sumatera Utara
Samsudin Siregar ,Partai Hanura,Sumatera Utara III,Sumatera Utara
Fauzih H. Amro ,Partai Hanura,Sumatera Selatan I,Sumatera Selatan
Frans Agung Mula Putra ,Partai Hanura,Lampung I,Lampung
Moh. Arief S Suditomo ,Partai Hanura,Jawa Barat I,Jawa Barat
Dadang Rusdiana ,Partai Hanura,Jawa Barat II,Jawa Barat
Djoni Rolindrawan ,Partai Hanura,Jawa Barat III,Jawa Barat
Miryam S Haryani ,Partai Hanura,Jawa Barat VIII,Jawa Barat
Dossy Iskandar Prasetyo ,Partai Hanura,Jawa Timur VIII,Jawa Timur
M Farid Alfauzi ,Partai Hanura,Jawa Timur XI,Jawa Timur
Inas Nasrullah Zubir ,Partai Hanura,Banten III,Banten
Lalu Gede Syamsul Mujahidin ,Partai Hanura,Nusa Tenggara Barat,Nusa Tenggara Barat
Saleh Husin ,Partai Hanura,Nusa Tenggara Timur II,Nusa Tenggara Timur
Sarifuddin Sudding ,Partai Hanura,Sulawesi Tengah,Sulawesi Tengah
Dewie Yasin Limpo ,Partai Hanura,Sulawesi Selatan I,Sulawesi Selatan
Muhammad Nasir Djamil,Partai Keadilan Sejahtera,Aceh I,Aceh
Tifatul Sembiring,Partai Keadilan Sejahtera,Sumatera Utara I,Sumatera Utara
Iskan Qolba Lubis,Partai Keadilan Sejahtera,Sumatera Utara II,Sumatera Utara
Ansory Siregar,Partai Keadilan Sejahtera,Sumatera Utara III,Sumatera Utara
Refrizal ,Partai Keadilan Sejahtera,Sumatera Barat II,Sumatera Barat
Hermanto,Partai Keadilan Sejahtera,Sumatera Barat I,Sumatera Barat
Chairul Anwar,Partai Keadilan Sejahtera,Riau I,Riau
Mustafa Kamal,Partai Keadilan Sejahtera,Sumatera Selatan I,Sumatera Selatan
Mohammad Iqbal Romzi,Partai Keadilan Sejahtera,Sumatera Selatan II,Sumatera Selatan
Almuzammil Yusuf,Partai Keadilan Sejahtera,Lampung I,Lampung
Abdul Hakim,Partai Keadilan Sejahtera,Lampung II,Lampung
Ahmad Zainuddin,Partai Keadilan Sejahtera,Jakarta I,Dki Jakarta
Hidayat Nur Wahid,Partai Keadilan Sejahtera,Jakarta II,Dki Jakarta
Adang Daradjatun,Partai Keadilan Sejahtera,Jakarta III,Dki Jakarta
Ledia Hanifa Amaliah,Partai Keadilan Sejahtera,Jawa Barat I,Jawa Barat
Ma'mur Hasanudin,Partai Keadilan Sejahtera,Jawa Barat II,Jawa Barat
Ecky Awal Mucharam,Partai Keadilan Sejahtera,Jawa Barat III,Jawa Barat
Yudi Widiana Adia,Partai Keadilan Sejahtera,Jawa Barat IV,Jawa Barat
TB Soemanjaja,Partai Keadilan Sejahtera,Jawa Barat V,Jawa Barat
Mahfudz Abdurrahman,Partai Keadilan Sejahtera,Jawa Barat VI,Jawa Barat
Sa'dudin,Partai Keadilan Sejahtera,Jawa Barat VII,Jawa Barat
Mahfudz Siddiq,Partai Keadilan Sejahtera,Jawa Barat VIII,Jawa Barat
Nur Hasan Zaidi,Partai Keadilan Sejahtera,Jawa Barat IX,Jawa Barat
Surahman Hidayat,Partai Keadilan Sejahtera,Jawa Barat X,Jawa Barat
Mohamad Sohibul Iman,Partai Keadilan Sejahtera,Jawa Barat XI,Jawa Barat
H.M Gamari,Partai Keadilan Sejahtera,Jawa Tengah III,Jawa Tengah
Hamid Noor Yasin,Partai Keadilan Sejahtera,Jawa Tengah IV,Jawa Tengah
H. Abdul Kharis Almasyahri,Partai Keadilan Sejahtera,Jawa Tengah V,Jawa Tengah
Abdul Fikri,Partai Keadilan Sejahtera,Jawa Tengah IX,Jawa Tengah
Sukamta,Partai Keadilan Sejahtera,DI Yogyakarta,DI Yogyakarta
Sigit Sosiantomo,Partai Keadilan Sejahtera,Jawa Timur I,Jawa Timur
Rofi' Munawar,Partai Keadilan Sejahtera,Jawa Timur VII,Jawa Timur
Zulkiefliemansyah,Partai Keadilan Sejahtera,Banten II,Banten
Jazuli Juwaini,Partai Keadilan Sejahtera,Banten III,Banten
Fahri Hamzah,Partai Keadilan Sejahtera,Nusa Tenggara Barat,Nusa Tenggara Barat
Habib Aboe Bakar Alhabsyi,Partai Keadilan Sejahtera,Kalimantan Selatan I,Kalimantan Selatan
Hadi Mulyadi,Partai Keadilan Sejahtera,Kalimantan Timur,Kalimantan Timur
Tamsil Linrung,Partai Keadilan Sejahtera,Sulawesi Selatan I,Sulawesi Selatan
Andi Akmal Pasluddin,Partai Keadilan Sejahtera,Sulawesi Selatan II,Sulawesi Selatan
Muhammad Yudi Kotouky,Partai Keadilan Sejahtera,Papua,Papua
Muhammad Yudi Kotouky,Partai Keadilan Sejahtera,Papua,Papua
Michael Watimena,Partai Demokrat,Papua Barat,Papua Barat
Robert Joppy Kardinal,Partai Golongan Karya,Papua Barat,Papua Barat
Jimmy Demianus Ijie,Partai Demokrasi Indonesia Perjuangan,Papua Barat,Papua Barat
