Provinces;PartyNm;Totseats;;;;;;;;;;;;;;
Aceh;Partai Nasdem;2;;;;;;;;;;;;;;
Aceh;Partai Kebangkitan Bangsa;1;;;;;;;;;;;;;;
Aceh;Partai Keadilan Sejahtera;1;;;;;;;;;;;;;;
Aceh;Partai Demokrasi Indonesia Perjuangan;1;;;;;;;;;;;;;;
Aceh;Partai Golongan Karya;2;;;;;;;;;;;;;;
Aceh;Partai Gerakan Indonesia Raya;2;;;;;;;;;;;;;;
Aceh;Partai Demokrat;2;;;;;;;;;;;;;;
Aceh;Partai Amanat Nasional;1;;;;;;;;;;;;;;
Aceh;Partai Persatuan Pembangunan;1;;;;;;;;;;;;;;
Aceh;Partai Hati Nurani Rakyat;0;;;;;;;;;;;;;;
Aceh;Partai Bulan Bintang;0;;;;;;;;;;;;;;
Aceh;Partai keadilan dan persatuan Indonesia;0;;;;;;;;;;;;;;
Sumatra Utara ;Partai Nasdem;3;;;;;;;;;;;;;;
Sumatra Utara ;Partai Kebangkitan Bangsa;1;;;;;;;;;;;;;;
Sumatra Utara ;Partai Keadilan Sejahtera;3;;;;;;;;;;;;;;
Sumatra Utara ;Partai Demokrasi Indonesia Perjuangan;4;;;;;;;;;;;;;;
Sumatra Utara ;Partai Golongan Karya;4;;;;;;;;;;;;;;
Sumatra Utara ;Partai Gerakan Indonesia Raya;4;;;;;;;;;;;;;;
Sumatra Utara ;Partai Demokrat;3;;;;;;;;;;;;;;
Sumatra Utara ;Partai Amanat Nasional;3;;;;;;;;;;;;;;
Sumatra Utara ;Partai Persatuan Pembangunan;2;;;;;;;;;;;;;;
Sumatra Utara ;Partai Hati Nurani Rakyat;3;;;;;;;;;;;;;;
Sumatra Utara ;Partai Bulan Bintang;0;;;;;;;;;;;;;;
Sumatra Utara ;Partai keadilan dan persatuan Indonesia;0;;;;;;;;;;;;;;
Sumatra Barat;Partai Nasdem;1;;;;;;;;;;;;;;
Sumatra Barat;Partai Kebangkitan Bangsa;0;;;;;;;;;;;;;;
Sumatra Barat;Partai Keadilan Sejahtera;2;;;;;;;;;;;;;;
Sumatra Barat;Partai Demokrasi Indonesia Perjuangan;2;;;;;;;;;;;;;;
Sumatra Barat;Partai Golongan Karya;2;;;;;;;;;;;;;;
Sumatra Barat;Partai Gerakan Indonesia Raya;2;;;;;;;;;;;;;;
Sumatra Barat;Partai Demokrat;2;;;;;;;;;;;;;;
Sumatra Barat;Partai Amanat Nasional;1;;;;;;;;;;;;;;
Sumatra Barat;Partai Persatuan Pembangunan;2;;;;;;;;;;;;;;
Sumatra Barat;Partai Hati Nurani Rakyat;0;;;;;;;;;;;;;;
Sumatra Barat;Partai Bulan Bintang;0;;;;;;;;;;;;;;
Sumatra Barat;Partai keadilan dan persatuan Indonesia;0;;;;;;;;;;;;;;
Riau;Partai Nasdem;0;;;;;;;;;;;;;;
Riau;Partai Kebangkitan Bangsa;1;;;;;;;;;;;;;;
Riau;Partai Keadilan Sejahtera;1;;;;;;;;;;;;;;
Riau;Partai Demokrasi Indonesia Perjuangan;2;;;;;;;;;;;;;;
Riau;Partai Golongan Karya;2;;;;;;;;;;;;;;
Riau;Partai Gerakan Indonesia Raya;2;;;;;;;;;;;;;;
Riau;Partai Demokrat;2;;;;;;;;;;;;;;
Riau;Partai Amanat Nasional;1;;;;;;;;;;;;;;
Riau;Partai Persatuan Pembangunan;0;;;;;;;;;;;;;;
Riau;Partai Hati Nurani Rakyat;0;;;;;;;;;;;;;;
Riau;Partai Bulan Bintang;0;;;;;;;;;;;;;;
Riau;Partai keadilan dan persatuan Indonesia;0;;;;;;;;;;;;;;
Kepulauan Riau;Partai Nasdem;1;;;;;;;;;;;;;;
Kepulauan Riau;Partai Kebangkitan Bangsa;0;;;;;;;;;;;;;;
Kepulauan Riau;Partai Keadilan Sejahtera;0;;;;;;;;;;;;;;
Kepulauan Riau;Partai Demokrasi Indonesia Perjuangan;1;;;;;;;;;;;;;;
Kepulauan Riau;Partai Golongan Karya;0;;;;;;;;;;;;;;
Kepulauan Riau;Partai Gerakan Indonesia Raya;0;;;;;;;;;;;;;;
Kepulauan Riau;Partai Demokrat;0;;;;;;;;;;;;;;
Kepulauan Riau;Partai Amanat Nasional;1;;;;;;;;;;;;;;
Kepulauan Riau;Partai Persatuan Pembangunan;0;;;;;;;;;;;;;;
Kepulauan Riau;Partai Hati Nurani Rakyat;0;;;;;;;;;;;;;;
Kepulauan Riau;Partai Bulan Bintang;0;;;;;;;;;;;;;;
Kepulauan Riau;Partai keadilan dan persatuan Indonesia;0;;;;;;;;;;;;;;
Jambi;Partai Nasdem;0;;;;;;;;;;;;;;
Jambi;Partai Kebangkitan Bangsa;1;;;;;;;;;;;;;;
Jambi;Partai Keadilan Sejahtera;0;;;;;;;;;;;;;;
Jambi;Partai Demokrasi Indonesia Perjuangan;1;;;;;;;;;;;;;;
Jambi;Partai Golongan Karya;2;;;;;;;;;;;;;;
Jambi;Partai Gerakan Indonesia Raya;2;;;;;;;;;;;;;;
Jambi;Partai Demokrat;2;;;;;;;;;;;;;;
Jambi;Partai Amanat Nasional;2;;;;;;;;;;;;;;
Jambi;Partai Persatuan Pembangunan;1;;;;;;;;;;;;;;
Jambi;Partai Hati Nurani Rakyat;0;;;;;;;;;;;;;;
Jambi;Partai Bulan Bintang;0;;;;;;;;;;;;;;
Jambi;Partai keadilan dan persatuan Indonesia;0;;;;;;;;;;;;;;
Sumatra Selatan;Partai Nasdem;1;;;;;;;;;;;;;;
Sumatra Selatan;Partai Kebangkitan Bangsa;1;;;;;;;;;;;;;;
Sumatra Selatan;Partai Keadilan Sejahtera;2;;;;;;;;;;;;;;
Sumatra Selatan;Partai Demokrasi Indonesia Perjuangan;3;;;;;;;;;;;;;;
Sumatra Selatan;Partai Golongan Karya;3;;;;;;;;;;;;;;
Sumatra Selatan;Partai Gerakan Indonesia Raya;2;;;;;;;;;;;;;;
Sumatra Selatan;Partai Demokrat;2;;;;;;;;;;;;;;
Sumatra Selatan;Partai Amanat Nasional;2;;;;;;;;;;;;;;
Sumatra Selatan;Partai Persatuan Pembangunan;0;;;;;;;;;;;;;;
Sumatra Selatan;Partai Hati Nurani Rakyat;1;;;;;;;;;;;;;;
Sumatra Selatan;Partai Bulan Bintang;0;;;;;;;;;;;;;;
Sumatra Selatan;Partai keadilan dan persatuan Indonesia;0;;;;;;;;;;;;;;
Bangka Belitung;Partai Nasdem;0;;;;;;;;;;;;;;
Bangka Belitung;Partai Kebangkitan Bangsa;0;;;;;;;;;;;;;;
Bangka Belitung;Partai Keadilan Sejahtera;0;;;;;;;;;;;;;;
Bangka Belitung;Partai Demokrasi Indonesia Perjuangan;1;;;;;;;;;;;;;;
Bangka Belitung;Partai Golongan Karya;1;;;;;;;;;;;;;;
Bangka Belitung;Partai Gerakan Indonesia Raya;0;;;;;;;;;;;;;;
Bangka Belitung;Partai Demokrat;1;;;;;;;;;;;;;;
Bangka Belitung;Partai Amanat Nasional;0;;;;;;;;;;;;;;
Bangka Belitung;Partai Persatuan Pembangunan;0;;;;;;;;;;;;;;
Bangka Belitung;Partai Hati Nurani Rakyat;0;;;;;;;;;;;;;;
Bangka Belitung;Partai Bulan Bintang;0;;;;;;;;;;;;;;
Bangka Belitung;Partai keadilan dan persatuan Indonesia;0;;;;;;;;;;;;;;
Bengkulu;Partai Nasdem;1;;;;;;;;;;;;;;
Bengkulu;Partai Kebangkitan Bangsa;0;;;;;;;;;;;;;;
Bengkulu;Partai Keadilan Sejahtera;0;;;;;;;;;;;;;;
Bengkulu;Partai Demokrasi Indonesia Perjuangan;1;;;;;;;;;;;;;;
Bengkulu;Partai Golongan Karya;0;;;;;;;;;;;;;;
Bengkulu;Partai Gerakan Indonesia Raya;1;;;;;;;;;;;;;;
Bengkulu;Partai Demokrat;0;;;;;;;;;;;;;;
Bengkulu;Partai Amanat Nasional;1;;;;;;;;;;;;;;
Bengkulu;Partai Persatuan Pembangunan;0;;;;;;;;;;;;;;
Bengkulu;Partai Hati Nurani Rakyat;0;;;;;;;;;;;;;;
Bengkulu;Partai Bulan Bintang;0;;;;;;;;;;;;;;
Bengkulu;Partai keadilan dan persatuan Indonesia;0;;;;;;;;;;;;;;
Lampung;Partai Nasdem;1;;;;;;;;;;;;;;
Lampung;Partai Kebangkitan Bangsa;2;;;;;;;;;;;;;;
Lampung;Partai Keadilan Sejahtera;2;;;;;;;;;;;;;;
Lampung;Partai Demokrasi Indonesia Perjuangan;4;;;;;;;;;;;;;;
Lampung;Partai Golongan Karya;2;;;;;;;;;;;;;;
Lampung;Partai Gerakan Indonesia Raya;2;;;;;;;;;;;;;;
Lampung;Partai Demokrat;2;;;;;;;;;;;;;;
Lampung;Partai Amanat Nasional;2;;;;;;;;;;;;;;
Lampung;Partai Persatuan Pembangunan;0;;;;;;;;;;;;;;
Lampung;Partai Hati Nurani Rakyat;1;;;;;;;;;;;;;;
Lampung;Partai Bulan Bintang;0;;;;;;;;;;;;;;
Lampung;Partai keadilan dan persatuan Indonesia;0;;;;;;;;;;;;;;
DKI Jakarta;Partai Nasdem;1;;;;;;;;;;;;;;
DKI Jakarta;Partai Kebangkitan Bangsa;0;;;;;;;;;;;;;;
DKI Jakarta;Partai Keadilan Sejahtera;3;;;;;;;;;;;;;;
DKI Jakarta;Partai Demokrasi Indonesia Perjuangan;6;;;;;;;;;;;;;;
DKI Jakarta;Partai Golongan Karya;3;;;;;;;;;;;;;;
DKI Jakarta;Partai Gerakan Indonesia Raya;3;;;;;;;;;;;;;;
DKI Jakarta;Partai Demokrat;2;;;;;;;;;;;;;;
DKI Jakarta;Partai Amanat Nasional;0;;;;;;;;;;;;;;
DKI Jakarta;Partai Persatuan Pembangunan;3;;;;;;;;;;;;;;
DKI Jakarta;Partai Hati Nurani Rakyat;0;;;;;;;;;;;;;;
DKI Jakarta;Partai Bulan Bintang;0;;;;;;;;;;;;;;
DKI Jakarta;Partai keadilan dan persatuan Indonesia;0;;;;;;;;;;;;;;
Jawa Barat ;Partai Nasdem;1;;;;;;;;;;;;;;
Jawa Barat ;Partai Kebangkitan Bangsa;7;;;;;;;;;;;;;;
Jawa Barat ;Partai Keadilan Sejahtera;11;;;;;;;;;;;;;;
Jawa Barat ;Partai Demokrasi Indonesia Perjuangan;18;;;;;;;;;;;;;;
Jawa Barat ;Partai Golongan Karya;17;;;;;;;;;;;;;;
Jawa Barat ;Partai Gerakan Indonesia Raya;10;;;;;;;;;;;;;;
Jawa Barat ;Partai Demokrat;9;;;;;;;;;;;;;;
Jawa Barat ;Partai Amanat Nasional;7;;;;;;;;;;;;;;
Jawa Barat ;Partai Persatuan Pembangunan;7;;;;;;;;;;;;;;
Jawa Barat ;Partai Hati Nurani Rakyat;4;;;;;;;;;;;;;;
Jawa Barat ;Partai Bulan Bintang;0;;;;;;;;;;;;;;
Jawa Barat ;Partai keadilan dan persatuan Indonesia;0;;;;;;;;;;;;;;
Banten;Partai Nasdem;1;;;;;;;;;;;;;;
Banten;Partai Kebangkitan Bangsa;1;;;;;;;;;;;;;;
Banten;Partai Keadilan Sejahtera;2;;;;;;;;;;;;;;
Banten;Partai Demokrasi Indonesia Perjuangan;4;;;;;;;;;;;;;;
Banten;Partai Golongan Karya;3;;;;;;;;;;;;;;
Banten;Partai Gerakan Indonesia Raya;3;;;;;;;;;;;;;;
Banten;Partai Demokrat;2;;;;;;;;;;;;;;
Banten;Partai Amanat Nasional;2;;;;;;;;;;;;;;
Banten;Partai Persatuan Pembangunan;3;;;;;;;;;;;;;;
Banten;Partai Hati Nurani Rakyat;1;;;;;;;;;;;;;;
Banten;Partai Bulan Bintang;0;;;;;;;;;;;;;;
Banten;Partai keadilan dan persatuan Indonesia;0;;;;;;;;;;;;;;
Jawa Tengah;Partai Nasdem;5;;;;;;;;;;;;;;
Jawa Tengah;Partai Kebangkitan Bangsa;10;;;;;;;;;;;;;;
Jawa Tengah;Partai Keadilan Sejahtera;4;;;;;;;;;;;;;;
Jawa Tengah;Partai Demokrasi Indonesia Perjuangan;18;;;;;;;;;;;;;;
Jawa Tengah;Partai Golongan Karya;11;;;;;;;;;;;;;;
Jawa Tengah;Partai Gerakan Indonesia Raya;10;;;;;;;;;;;;;;
Jawa Tengah;Partai Demokrat;4;;;;;;;;;;;;;;
Jawa Tengah;Partai Amanat Nasional;8;;;;;;;;;;;;;;
Jawa Tengah;Partai Persatuan Pembangunan;7;;;;;;;;;;;;;;
Jawa Tengah;Partai Hati Nurani Rakyat;0;;;;;;;;;;;;;;
Jawa Tengah;Partai Bulan Bintang;0;;;;;;;;;;;;;;
Jawa Tengah;Partai keadilan dan persatuan Indonesia;0;;;;;;;;;;;;;;
Daerah Istimewa Yogyakarta;Partai Nasdem;0;;;;;;;;;;;;;;
Daerah Istimewa Yogyakarta;Partai Kebangkitan Bangsa;1;;;;;;;;;;;;;;
Daerah Istimewa Yogyakarta;Partai Keadilan Sejahtera;1;;;;;;;;;;;;;;
Daerah Istimewa Yogyakarta;Partai Demokrasi Indonesia Perjuangan;2;;;;;;;;;;;;;;
Daerah Istimewa Yogyakarta;Partai Golongan Karya;1;;;;;;;;;;;;;;
Daerah Istimewa Yogyakarta;Partai Gerakan Indonesia Raya;1;;;;;;;;;;;;;;
Daerah Istimewa Yogyakarta;Partai Demokrat;1;;;;;;;;;;;;;;
Daerah Istimewa Yogyakarta;Partai Amanat Nasional;1;;;;;;;;;;;;;;
Daerah Istimewa Yogyakarta;Partai Persatuan Pembangunan;0;;;;;;;;;;;;;;
Daerah Istimewa Yogyakarta;Partai Hati Nurani Rakyat;0;;;;;;;;;;;;;;
Daerah Istimewa Yogyakarta;Partai Bulan Bintang;0;;;;;;;;;;;;;;
Daerah Istimewa Yogyakarta;Partai keadilan dan persatuan Indonesia;0;;;;;;;;;;;;;;
Jawa Timur;Partai Nasdem;7;;;;;;;;;;;;;;
Jawa Timur;Partai Kebangkitan Bangsa;15;;;;;;;;;;;;;;
Jawa Timur;Partai Keadilan Sejahtera;2;;;;;;;;;;;;;;
Jawa Timur;Partai Demokrasi Indonesia Perjuangan;17;;;;;;;;;;;;;;
Jawa Timur;Partai Golongan Karya;11;;;;;;;;;;;;;;
Jawa Timur;Partai Gerakan Indonesia Raya;11;;;;;;;;;;;;;;
Jawa Timur;Partai Demokrat;11;;;;;;;;;;;;;;
Jawa Timur;Partai Amanat Nasional;7;;;;;;;;;;;;;;
Jawa Timur;Partai Persatuan Pembangunan;4;;;;;;;;;;;;;;
Jawa Timur;Partai Hati Nurani Rakyat;2;;;;;;;;;;;;;;
Jawa Timur;Partai Bulan Bintang;0;;;;;;;;;;;;;;
Jawa Timur;Partai keadilan dan persatuan Indonesia;0;;;;;;;;;;;;;;
Bali;Partai Nasdem;0;;;;;;;;;;;;;;
Bali;Partai Kebangkitan Bangsa;0;;;;;;;;;;;;;;
Bali;Partai Keadilan Sejahtera;0;;;;;;;;;;;;;;
Bali;Partai Demokrasi Indonesia Perjuangan;4;;;;;;;;;;;;;;
Bali;Partai Golongan Karya;2;;;;;;;;;;;;;;
Bali;Partai Gerakan Indonesia Raya;1;;;;;;;;;;;;;;
Bali;Partai Demokrat;2;;;;;;;;;;;;;;
Bali;Partai Amanat Nasional;0;;;;;;;;;;;;;;
Bali;Partai Persatuan Pembangunan;0;;;;;;;;;;;;;;
Bali;Partai Hati Nurani Rakyat;0;;;;;;;;;;;;;;
Bali;Partai Bulan Bintang;0;;;;;;;;;;;;;;
Bali;Partai keadilan dan persatuan Indonesia;0;;;;;;;;;;;;;;
Nusa Tenggara Barat;Partai Nasdem;1;;;;;;;;;;;;;;
Nusa Tenggara Barat;Partai Kebangkitan Bangsa;1;;;;;;;;;;;;;;
Nusa Tenggara Barat;Partai Keadilan Sejahtera;1;;;;;;;;;;;;;;
Nusa Tenggara Barat;Partai Demokrasi Indonesia Perjuangan;1;;;;;;;;;;;;;;
Nusa Tenggara Barat;Partai Golongan Karya;1;;;;;;;;;;;;;;
Nusa Tenggara Barat;Partai Gerakan Indonesia Raya;1;;;;;;;;;;;;;;
Nusa Tenggara Barat;Partai Demokrat;1;;;;;;;;;;;;;;
Nusa Tenggara Barat;Partai Amanat Nasional;1;;;;;;;;;;;;;;
Nusa Tenggara Barat;Partai Persatuan Pembangunan;1;;;;;;;;;;;;;;
Nusa Tenggara Barat;Partai Hati Nurani Rakyat;1;;;;;;;;;;;;;;
Nusa Tenggara Barat;Partai Bulan Bintang;0;;;;;;;;;;;;;;
Nusa Tenggara Barat;Partai keadilan dan persatuan Indonesia;0;;;;;;;;;;;;;;
Nusa Tenggara Timur;Partai Nasdem;2;;;;;;;;;;;;;;
Nusa Tenggara Timur;Partai Kebangkitan Bangsa;0;;;;;;;;;;;;;;
Nusa Tenggara Timur;Partai Keadilan Sejahtera;0;;;;;;;;;;;;;;
Nusa Tenggara Timur;Partai Demokrasi Indonesia Perjuangan;2;;;;;;;;;;;;;;
Nusa Tenggara Timur;Partai Golongan Karya;3;;;;;;;;;;;;;;
Nusa Tenggara Timur;Partai Gerakan Indonesia Raya;2;;;;;;;;;;;;;;
Nusa Tenggara Timur;Partai Demokrat;2;;;;;;;;;;;;;;
Nusa Tenggara Timur;Partai Amanat Nasional;1;;;;;;;;;;;;;;
Nusa Tenggara Timur;Partai Persatuan Pembangunan;0;;;;;;;;;;;;;;
Nusa Tenggara Timur;Partai Hati Nurani Rakyat;1;;;;;;;;;;;;;;
Nusa Tenggara Timur;Partai Bulan Bintang;0;;;;;;;;;;;;;;
Nusa Tenggara Timur;Partai keadilan dan persatuan Indonesia;0;;;;;;;;;;;;;;
Kalimantan Barat;Partai Nasdem;1;;;;;;;;;;;;;;
Kalimantan Barat;Partai Kebangkitan Bangsa;1;;;;;;;;;;;;;;
Kalimantan Barat;Partai Keadilan Sejahtera;0;;;;;;;;;;;;;;
Kalimantan Barat;Partai Demokrasi Indonesia Perjuangan;3;;;;;;;;;;;;;;
Kalimantan Barat;Partai Golongan Karya;1;;;;;;;;;;;;;;
Kalimantan Barat;Partai Gerakan Indonesia Raya;1;;;;;;;;;;;;;;
Kalimantan Barat;Partai Demokrat;1;;;;;;;;;;;;;;
Kalimantan Barat;Partai Amanat Nasional;1;;;;;;;;;;;;;;
Kalimantan Barat;Partai Persatuan Pembangunan;1;;;;;;;;;;;;;;
Kalimantan Barat;Partai Hati Nurani Rakyat;0;;;;;;;;;;;;;;
Kalimantan Barat;Partai Bulan Bintang;0;;;;;;;;;;;;;;
Kalimantan Barat;Partai keadilan dan persatuan Indonesia;0;;;;;;;;;;;;;;
Kalimantan Tengah;Partai Nasdem;1;;;;;;;;;;;;;;
Kalimantan Tengah;Partai Kebangkitan Bangsa;0;;;;;;;;;;;;;;
Kalimantan Tengah;Partai Keadilan Sejahtera;0;;;;;;;;;;;;;;
Kalimantan Tengah;Partai Demokrasi Indonesia Perjuangan;2;;;;;;;;;;;;;;
Kalimantan Tengah;Partai Golongan Karya;1;;;;;;;;;;;;;;
Kalimantan Tengah;Partai Gerakan Indonesia Raya;1;;;;;;;;;;;;;;
Kalimantan Tengah;Partai Demokrat;0;;;;;;;;;;;;;;
Kalimantan Tengah;Partai Amanat Nasional;1;;;;;;;;;;;;;;
Kalimantan Tengah;Partai Persatuan Pembangunan;0;;;;;;;;;;;;;;
Kalimantan Tengah;Partai Hati Nurani Rakyat;0;;;;;;;;;;;;;;
Kalimantan Tengah;Partai Bulan Bintang;0;;;;;;;;;;;;;;
Kalimantan Tengah;Partai keadilan dan persatuan Indonesia;0;;;;;;;;;;;;;;
Kalimantan Selatan;Partai Nasdem;0;;;;;;;;;;;;;;
Kalimantan Selatan;Partai Kebangkitan Bangsa;2;;;;;;;;;;;;;;
Kalimantan Selatan;Partai Keadilan Sejahtera;1;;;;;;;;;;;;;;
Kalimantan Selatan;Partai Demokrasi Indonesia Perjuangan;1;;;;;;;;;;;;;;
Kalimantan Selatan;Partai Golongan Karya;3;;;;;;;;;;;;;;
Kalimantan Selatan;Partai Gerakan Indonesia Raya;2;;;;;;;;;;;;;;
Kalimantan Selatan;Partai Demokrat;0;;;;;;;;;;;;;;
Kalimantan Selatan;Partai Amanat Nasional;0;;;;;;;;;;;;;;
Kalimantan Selatan;Partai Persatuan Pembangunan;2;;;;;;;;;;;;;;
Kalimantan Selatan;Partai Hati Nurani Rakyat;0;;;;;;;;;;;;;;
Kalimantan Selatan;Partai Bulan Bintang;0;;;;;;;;;;;;;;
Kalimantan Selatan;Partai keadilan dan persatuan Indonesia;0;;;;;;;;;;;;;;
Kalimantan Timur;Partai Nasdem;1;;;;;;;;;;;;;;
Kalimantan Timur;Partai Kebangkitan Bangsa;0;;;;;;;;;;;;;;
Kalimantan Timur;Partai Keadilan Sejahtera;1;;;;;;;;;;;;;;
Kalimantan Timur;Partai Demokrasi Indonesia Perjuangan;1;;;;;;;;;;;;;;
Kalimantan Timur;Partai Golongan Karya;2;;;;;;;;;;;;;;
Kalimantan Timur;Partai Gerakan Indonesia Raya;1;;;;;;;;;;;;;;
Kalimantan Timur;Partai Demokrat;1;;;;;;;;;;;;;;
Kalimantan Timur;Partai Amanat Nasional;0;;;;;;;;;;;;;;
Kalimantan Timur;Partai Persatuan Pembangunan;1;;;;;;;;;;;;;;
Kalimantan Timur;Partai Hati Nurani Rakyat;0;;;;;;;;;;;;;;
Kalimantan Timur;Partai Bulan Bintang;0;;;;;;;;;;;;;;
Kalimantan Timur;Partai keadilan dan persatuan Indonesia;0;;;;;;;;;;;;;;
Sulawesi Utara;Partai Nasdem;0;;;;;;;;;;;;;;
Sulawesi Utara;Partai Kebangkitan Bangsa;0;;;;;;;;;;;;;;
Sulawesi Utara;Partai Keadilan Sejahtera;0;;;;;;;;;;;;;;
Sulawesi Utara;Partai Demokrasi Indonesia Perjuangan;2;;;;;;;;;;;;;;
Sulawesi Utara;Partai Golongan Karya;1;;;;;;;;;;;;;;
Sulawesi Utara;Partai Gerakan Indonesia Raya;1;;;;;;;;;;;;;;
Sulawesi Utara;Partai Demokrat;1;;;;;;;;;;;;;;
Sulawesi Utara;Partai Amanat Nasional;1;;;;;;;;;;;;;;
Sulawesi Utara;Partai Persatuan Pembangunan;0;;;;;;;;;;;;;;
Sulawesi Utara;Partai Hati Nurani Rakyat;0;;;;;;;;;;;;;;
Sulawesi Utara;Partai Bulan Bintang;0;;;;;;;;;;;;;;
Sulawesi Utara;Partai keadilan dan persatuan Indonesia;0;;;;;;;;;;;;;;
Gorontalo;Partai Nasdem;0;;;;;;;;;;;;;;
Gorontalo;Partai Kebangkitan Bangsa;0;;;;;;;;;;;;;;
Gorontalo;Partai Keadilan Sejahtera;0;;;;;;;;;;;;;;
Gorontalo;Partai Demokrasi Indonesia Perjuangan;0;;;;;;;;;;;;;;
Gorontalo;Partai Golongan Karya;2;;;;;;;;;;;;;;
Gorontalo;Partai Gerakan Indonesia Raya;1;;;;;;;;;;;;;;
Gorontalo;Partai Demokrat;0;;;;;;;;;;;;;;
Gorontalo;Partai Amanat Nasional;0;;;;;;;;;;;;;;
Gorontalo;Partai Persatuan Pembangunan;0;;;;;;;;;;;;;;
Gorontalo;Partai Hati Nurani Rakyat;0;;;;;;;;;;;;;;
Gorontalo;Partai Bulan Bintang;0;;;;;;;;;;;;;;
Gorontalo;Partai keadilan dan persatuan Indonesia;0;;;;;;;;;;;;;;
Sulawesi Tengah;Partai Nasdem;1;;;;;;;;;;;;;;
Sulawesi Tengah;Partai Kebangkitan Bangsa;0;;;;;;;;;;;;;;
Sulawesi Tengah;Partai Keadilan Sejahtera;0;;;;;;;;;;;;;;
Sulawesi Tengah;Partai Demokrasi Indonesia Perjuangan;1;;;;;;;;;;;;;;
Sulawesi Tengah;Partai Golongan Karya;1;;;;;;;;;;;;;;
Sulawesi Tengah;Partai Gerakan Indonesia Raya;0;;;;;;;;;;;;;;
Sulawesi Tengah;Partai Demokrat;0;;;;;;;;;;;;;;
Sulawesi Tengah;Partai Amanat Nasional;0;;;;;;;;;;;;;;
Sulawesi Tengah;Partai Persatuan Pembangunan;0;;;;;;;;;;;;;;
Sulawesi Tengah;Partai Hati Nurani Rakyat;0;;;;;;;;;;;;;;
Sulawesi Tengah;Partai Bulan Bintang;0;;;;;;;;;;;;;;
Sulawesi Tengah;Partai keadilan dan persatuan Indonesia;0;;;;;;;;;;;;;;
Sulawesi Selatan ;Partai Nasdem;2;;;;;;;;;;;;;;
Sulawesi Selatan ;Partai Kebangkitan Bangsa;0;;;;;;;;;;;;;;
Sulawesi Selatan ;Partai Keadilan Sejahtera;2;;;;;;;;;;;;;;
Sulawesi Selatan ;Partai Demokrasi Indonesia Perjuangan;2;;;;;;;;;;;;;;
Sulawesi Selatan ;Partai Golongan Karya;5;;;;;;;;;;;;;;
Sulawesi Selatan ;Partai Gerakan Indonesia Raya;3;;;;;;;;;;;;;;
Sulawesi Selatan ;Partai Demokrat;3;;;;;;;;;;;;;;
Sulawesi Selatan ;Partai Amanat Nasional;3;;;;;;;;;;;;;;
Sulawesi Selatan ;Partai Persatuan Pembangunan;3;;;;;;;;;;;;;;
Sulawesi Selatan ;Partai Hati Nurani Rakyat;1;;;;;;;;;;;;;;
Sulawesi Selatan ;Partai Bulan Bintang;0;;;;;;;;;;;;;;
Sulawesi Selatan ;Partai keadilan dan persatuan Indonesia;0;;;;;;;;;;;;;;
Sulawesi Tenggara;Partai Nasdem;0;;;;;;;;;;;;;;
Sulawesi Tenggara;Partai Kebangkitan Bangsa;0;;;;;;;;;;;;;;
Sulawesi Tenggara;Partai Keadilan Sejahtera;0;;;;;;;;;;;;;;
Sulawesi Tenggara;Partai Demokrasi Indonesia Perjuangan;0;;;;;;;;;;;;;;
Sulawesi Tenggara;Partai Golongan Karya;1;;;;;;;;;;;;;;
Sulawesi Tenggara;Partai Gerakan Indonesia Raya;1;;;;;;;;;;;;;;
Sulawesi Tenggara;Partai Demokrat;1;;;;;;;;;;;;;;
Sulawesi Tenggara;Partai Amanat Nasional;1;;;;;;;;;;;;;;
Sulawesi Tenggara;Partai Persatuan Pembangunan;1;;;;;;;;;;;;;;
Sulawesi Tenggara;Partai Hati Nurani Rakyat;0;;;;;;;;;;;;;;
Sulawesi Tenggara;Partai Bulan Bintang;0;;;;;;;;;;;;;;
Sulawesi Tenggara;Partai keadilan dan persatuan Indonesia;0;;;;;;;;;;;;;;
Sulawesi Barat;Partai Nasdem;0;;;;;;;;;;;;;;
Sulawesi Barat;Partai Kebangkitan Bangsa;0;;;;;;;;;;;;;;
Sulawesi Barat;Partai Keadilan Sejahtera;0;;;;;;;;;;;;;;
Sulawesi Barat;Partai Demokrasi Indonesia Perjuangan;0;;;;;;;;;;;;;;
Sulawesi Barat;Partai Golongan Karya;1;;;;;;;;;;;;;;
Sulawesi Barat;Partai Gerakan Indonesia Raya;1;;;;;;;;;;;;;;
Sulawesi Barat;Partai Demokrat;1;;;;;;;;;;;;;;
Sulawesi Barat;Partai Amanat Nasional;0;;;;;;;;;;;;;;
Sulawesi Barat;Partai Persatuan Pembangunan;0;;;;;;;;;;;;;;
Sulawesi Barat;Partai Hati Nurani Rakyat;0;;;;;;;;;;;;;;
Sulawesi Barat;Partai Bulan Bintang;0;;;;;;;;;;;;;;
Sulawesi Barat;Partai keadilan dan persatuan Indonesia;0;;;;;;;;;;;;;;
Maluku;Partai Nasdem;0;;;;;;;;;;;;;;
Maluku;Partai Kebangkitan Bangsa;1;;;;;;;;;;;;;;
Maluku;Partai Keadilan Sejahtera;0;;;;;;;;;;;;;;
Maluku;Partai Demokrasi Indonesia Perjuangan;1;;;;;;;;;;;;;;
Maluku;Partai Golongan Karya;1;;;;;;;;;;;;;;
Maluku;Partai Gerakan Indonesia Raya;1;;;;;;;;;;;;;;
Maluku;Partai Demokrat;0;;;;;;;;;;;;;;
Maluku;Partai Amanat Nasional;0;;;;;;;;;;;;;;
Maluku;Partai Persatuan Pembangunan;0;;;;;;;;;;;;;;
Maluku;Partai Hati Nurani Rakyat;0;;;;;;;;;;;;;;
Maluku;Partai Bulan Bintang;0;;;;;;;;;;;;;;
Maluku;Partai keadilan dan persatuan Indonesia;0;;;;;;;;;;;;;;
Maluku Utara;Partai Nasdem;0;;;;;;;;;;;;;;
Maluku Utara;Partai Kebangkitan Bangsa;0;;;;;;;;;;;;;;
Maluku Utara;Partai Keadilan Sejahtera;0;;;;;;;;;;;;;;
Maluku Utara;Partai Demokrasi Indonesia Perjuangan;1;;;;;;;;;;;;;;
Maluku Utara;Partai Golongan Karya;1;;;;;;;;;;;;;;
Maluku Utara;Partai Gerakan Indonesia Raya;0;;;;;;;;;;;;;;
Maluku Utara;Partai Demokrat;0;;;;;;;;;;;;;;
Maluku Utara;Partai Amanat Nasional;1;;;;;;;;;;;;;;
Maluku Utara;Partai Persatuan Pembangunan;0;;;;;;;;;;;;;;
Maluku Utara;Partai Hati Nurani Rakyat;0;;;;;;;;;;;;;;
Maluku Utara;Partai Bulan Bintang;0;;;;;;;;;;;;;;
Maluku Utara;Partai keadilan dan persatuan Indonesia;0;;;;;;;;;;;;;;
Papua;Partai Nasdem;1;;;;;;;;;;;;;;
Papua;Partai Kebangkitan Bangsa;1;;;;;;;;;;;;;;
Papua;Partai Keadilan Sejahtera;1;;;;;;;;;;;;;;
Papua;Partai Demokrasi Indonesia Perjuangan;2;;;;;;;;;;;;;;
Papua;Partai Golongan Karya;1;;;;;;;;;;;;;;
Papua;Partai Gerakan Indonesia Raya;1;;;;;;;;;;;;;;
Papua;Partai Demokrat;2;;;;;;;;;;;;;;
Papua;Partai Amanat Nasional;1;;;;;;;;;;;;;;
Papua;Partai Persatuan Pembangunan;0;;;;;;;;;;;;;;
Papua;Partai Hati Nurani Rakyat;0;;;;;;;;;;;;;;
Papua;Partai Bulan Bintang;0;;;;;;;;;;;;;;
Papua;Partai keadilan dan persatuan Indonesia;0;;;;;;;;;;;;;;
Papua Barat;Partai Nasdem;0;;;;;;;;;;;;;;
Papua Barat;Partai Kebangkitan Bangsa;0;;;;;;;;;;;;;;
Papua Barat;Partai Keadilan Sejahtera;1;;;;;;;;;;;;;;
Papua Barat;Partai Demokrasi Indonesia Perjuangan;1;;;;;;;;;;;;;;
Papua Barat;Partai Golongan Karya;0;;;;;;;;;;;;;;
Papua Barat;Partai Gerakan Indonesia Raya;1;;;;;;;;;;;;;;
Papua Barat;Partai Demokrat;0;;;;;;;;;;;;;;
Papua Barat;Partai Amanat Nasional;0;;;;;;;;;;;;;;
Papua Barat;Partai Persatuan Pembangunan;0;;;;;;;;;;;;;;
Papua Barat;Partai Hati Nurani Rakyat;0;;;;;;;;;;;;;;
Papua Barat;Partai Bulan Bintang;0;;;;;;;;;;;;;;
Papua Barat;Partai keadilan dan persatuan Indonesia;0;;;;;;;;;;;;;;
