Name,PartyNm,Electorate,Provinces,Votes
Tagore Abubakar,Partai Demokrasi Indonesia Perjuangan,Aceh I,Aceh,"64,159"
Sofyan Tan,Partai Demokrasi Indonesia Perjuangan,Sumatera Utara I,Sumatera Utara,"113,716"
Irmadi Lubis ,Partai Demokrasi Indonesia Perjuangan,Sumatera Utara I,Sumatera Utara,"46,039"
Trimedya Panjaitan,Partai Demokrasi Indonesia Perjuangan,Sumatera Utara II,Sumatera Utara,"101,415"
Junimart Girsang,Partai Demokrasi Indonesia Perjuangan,Sumatera Utara III,Sumatera Utara,"76,819"
Agus Susanto,Partai Demokrasi Indonesia Perjuangan,Sumatera Barat II,Sumatera Barat,"39,131"
Effendy Sianipar,Partai Demokrasi Indonesia Perjuangan,Riau I,RIAU,"69,425"
Marsiaman Saragih,Partai Demokrasi Indonesia Perjuangan,Riau II,RIAU,"26,650"
Ihsan Yunus,Partai Demokrasi Indonesia Perjuangan,Jambi,Jambi,"61,648"
Nazarudin Kiemas,Partai Demokrasi Indonesia Perjuangan,Sumatera Selatan I,Sumatera Selatan,"59,930"
Erwin M Singaruju,Partai Demokrasi Indonesia Perjuangan,Sumatera Selatan II,Sumatera Selatan,"81,644"
Yulian Gunhar,Partai Demokrasi Indonesia Perjuangan,Sumatera Selatan II,Sumatera Selatan,"44,192"
Elva Hartati,Partai Demokrasi Indonesia Perjuangan,Bengkulu,Bengkulu,"30,298"
Isma Yatun,Partai Demokrasi Indonesia Perjuangan,Lampung I,Lampung,"65,731"
Sudin,Partai Demokrasi Indonesia Perjuangan,Lampung I,Lampung,"64,008"
Henry Yosodiningrat,Partai Demokrasi Indonesia Perjuangan,Lampung II,Lampung,"54,022"
Itet Tridjajati Sumarijanto,Partai Demokrasi Indonesia Perjuangan,Lampung II,Lampung,"40,203"
Rudianto Tjen ,Partai Demokrasi Indonesia Perjuangan,Bangka Belitung,Bangka Belitung,"72,400"
Dwi Ria Latifa,Partai Demokrasi Indonesia Perjuangan,Kepulauan Riau,Kepulauan Riau,"48,579"
Wiryanti Sukamdani,Partai Demokrasi Indonesia Perjuangan,Jakarta I,DKI Jakarta,"30,691"
Eriko Sotarduga ,Partai Demokrasi Indonesia Perjuangan,Jakarta II,DKI Jakarta,"61,888"
Masinton Pasaribu,Partai Demokrasi Indonesia Perjuangan,Jakarta II,DKI Jakarta,"30,989"
Charles Honoris,Partai Demokrasi Indonesia Perjuangan,Jakarta III,DKI Jakarta,"96,842"
Effendi MS Simbolon,Partai Demokrasi Indonesia Perjuangan,Jakarta III,DKI Jakarta,"89,028"
Darmadi Durianto,Partai Demokrasi Indonesia Perjuangan,Jakarta III,DKI Jakarta,"52,861"
Junico BP Siahaan,Partai Demokrasi Indonesia Perjuangan,Jawa Barat I,Jawa Barat,"64,980"
Ketut Sustiawan,Partai Demokrasi Indonesia Perjuangan,Jawa Barat I,Jawa Barat,"32,234"
Yadi Srimulyadi,Partai Demokrasi Indonesia Perjuangan,Jawa Barat II,Jawa Barat,"59,842"
Jalaludin Rakhmat,Partai Demokrasi Indonesia Perjuangan,Jawa Barat II,Jawa Barat,"56,402"
Diah Pitaloka,Partai Demokrasi Indonesia Perjuangan,Jawa Barat III,Jawa Barat,"31,993"
Ribka Tjiptaning,Partai Demokrasi Indonesia Perjuangan,Jawa Barat IV,Jawa Barat,"43,393"
Adian Yunus Yusak Napitupulu,Partai Demokrasi Indonesia Perjuangan,Jawa Barat V,Jawa Barat,"35,589"
Indra P Simatupang,Partai Demokrasi Indonesia Perjuangan,Jawa Barat V,Jawa Barat,"35,139"
Sukur Nababan,Partai Demokrasi Indonesia Perjuangan,Jawa Barat VI,Jawa Barat,"123,493"
Risa Mariska,Partai Demokrasi Indonesia Perjuangan,Jawa Barat VI,Jawa Barat,"27,578"
Rieke Diah Pitaloka,Partai Demokrasi Indonesia Perjuangan,Jawa Barat VII,Jawa Barat,"255,044"
Tono Bahtiar,Partai Demokrasi Indonesia Perjuangan,Jawa Barat VII,Jawa Barat,"50,663"
Ono Surono,Partai Demokrasi Indonesia Perjuangan,Jawa Barat VIII,Jawa Barat,"72,608"
Yoseph Umarhadi,Partai Demokrasi Indonesia Perjuangan,Jawa Barat VIII,Jawa Barat,"66,181"
Maruarar Sirait,Partai Demokrasi Indonesia Perjuangan,Jawa Barat IX,Jawa Barat,"131,618"
TB Hasanuddin,Partai Demokrasi Indonesia Perjuangan,Jawa Barat IX,Jawa Barat,"76,991"
Puti Guntur Soekarno,Partai Demokrasi Indonesia Perjuangan,Jawa Barat X,Jawa Barat,"93,404"
Dony Maryadi Oekon,Partai Demokrasi Indonesia Perjuangan,Jawa Barat II,Jawa Barat,"38,006"
Juliari P Batubara,Partai Demokrasi Indonesia Perjuangan,Jawa Tengah I,Jawa Tengah,"128,956"
Tjahjo Kumolo,Partai Demokrasi Indonesia Perjuangan,Jawa Tengah I,Jawa Tengah,"59,761"
Daryatmo Mardiyanto,Partai Demokrasi Indonesia Perjuangan,Jawa Tengah II,Jawa Tengah,"41,453"
Imam Suroso,Partai Demokrasi Indonesia Perjuangan,Jawa Tengah III,Jawa Tengah,"91,708"
Evita Nursanty,Partai Demokrasi Indonesia Perjuangan,Jawa Tengah III,Jawa Tengah,"73,673"
Bambang Wuryanto,Partai Demokrasi Indonesia Perjuangan,Jawa Tengah IV,Jawa Tengah,"128,116"
Agustina Wilujeng Pramestuti,Partai Demokrasi Indonesia Perjuangan,Jawa Tengah IV,Jawa Tengah,"56,707"
Puan Maharani,Partai Demokrasi Indonesia Perjuangan,Jawa Tengah V,Jawa Tengah,"369,927"
Aria Bima,Partai Demokrasi Indonesia Perjuangan,Jawa Tengah V,Jawa Tengah,"96,163"
Rahmad Handoyo,Partai Demokrasi Indonesia Perjuangan,Jawa Tengah V,Jawa Tengah,"33,569"
Sudjadi,Partai Demokrasi Indonesia Perjuangan,Jawa Tengah VI,Jawa Tengah,"79,681"
Nusyirwan Soedjono,Partai Demokrasi Indonesia Perjuangan,Jawa Tengah VI,Jawa Tengah,"55,293"
Utut Adianto,Partai Demokrasi Indonesia Perjuangan,Jawa Tengah VII,Jawa Tengah,"67,001"
Adisatrya Suryo Sulisto,Partai Demokrasi Indonesia Perjuangan,Jawa Tengah VIII,Jawa Tengah,"105,399"
Budiman Sudjatmiko,Partai Demokrasi Indonesia Perjuangan,Jawa Tengah VIII,Jawa Tengah,"68,861"
Muhammad Prakosa,Partai Demokrasi Indonesia Perjuangan,Jawa Tengah IX,Jawa Tengah,"75,657"
Damayanti Wisnu Putranti,Partai Demokrasi Indonesia Perjuangan,Jawa Tengah IX,Jawa Tengah,"75,657"
Hendrawan Supratikno,Partai Demokrasi Indonesia Perjuangan,Jawa Tengah I,Jawa Tengah,"68,380"
Mohammad Idham Samawi,Partai Demokrasi Indonesia Perjuangan,DI Yogyakarta,DI Yogyakarta,"120,796"
My Esti Wijayati,Partai Demokrasi Indonesia Perjuangan,DI Yogyakarta,DI Yogyakarta,"99,440"
Guruh Irianto Sukarno Putra,Partai Demokrasi Indonesia Perjuangan,Jawa Timur I,Jawa Timur,"84,753"
Indah Kurnia,Partai Demokrasi Indonesia Perjuangan,Jawa Timur I,Jawa Timur,"68,497"
Henky Kurniadi,Partai Demokrasi Indonesia Perjuangan,Jawa Timur I,Jawa Timur,"43,434"
Hamka Haq,Partai Demokrasi Indonesia Perjuangan,Jawa Timur II,Jawa Timur,"27,166"
Nursuhud,Partai Demokrasi Indonesia Perjuangan,Jawa Timur III,Jawa Timur,"58,123"
Arif Wibowo,Partai Demokrasi Indonesia Perjuangan,Jawa Timur IV,Jawa Timur,"43,074"
Ahmad Basarah,Partai Demokrasi Indonesia Perjuangan,Jawa Timur V,Jawa Timur,"68,009"
Andreas Eddy Susetyo,Partai Demokrasi Indonesia Perjuangan,Jawa Timur V,Jawa Timur,"56,160"
Pramono Anung Wibowo,Partai Demokrasi Indonesia Perjuangan,Jawa Timur VI,Jawa Timur,"165,906"
Djarot Saiful Hidajat,Partai Demokrasi Indonesia Perjuangan,Jawa Timur VI,Jawa Timur,"69,053"
Budi Yuwono,Partai Demokrasi Indonesia Perjuangan,Jawa Timur VI,Jawa Timur,"64,807"
Sirmadji,Partai Demokrasi Indonesia Perjuangan,Jawa Timur VII,Jawa Timur,"77,100"
Sadarestuwati,Partai Demokrasi Indonesia Perjuangan,Jawa Timur VIII,Jawa Timur,"73,354"
Mindo Sianipar,Partai Demokrasi Indonesia Perjuangan,Jawa Timur VIII,Jawa Timur,"73,341"
Abidin Fikri,Partai Demokrasi Indonesia Perjuangan,Jawa Timur IX,Jawa Timur,"36,304"
Nasyirul Falah Amru,Partai Demokrasi Indonesia Perjuangan,Jawa Timur X,Jawa Timur,"64,161"
Said Abdullah,Partai Demokrasi Indonesia Perjuangan,Jawa Timur II,Jawa Timur,"112,539"
Mochamad Hasbi Asyidiki Jayabaya,Partai Demokrasi Indonesia Perjuangan,Banten I,Banten,"51,059"
Ichsan Soelistio,Partai Demokrasi Indonesia Perjuangan,Banten II,Banten,"17,994"
Herdian Koosnadi,Partai Demokrasi Indonesia Perjuangan,Banten III,Banten,"47,426"
Marinus Gea,Partai Demokrasi Indonesia Perjuangan,Banten III,Banten,"42,285"
Wayan Koster,Partai Demokrasi Indonesia Perjuangan,Bali,Bali,"260,342"
I Made Urip,Partai Demokrasi Indonesia Perjuangan,Bali,Bali,"166,430"
I Gusti Agung Rai Wirajaya,Partai Demokrasi Indonesia Perjuangan,Bali,Bali,"75,252"
Nyoman Dhamantra,Partai Demokrasi Indonesia Perjuangan,Bali,Bali,"70,590"
Rachmat Hidayat,Partai Demokrasi Indonesia Perjuangan,NTB,NTB,"62,987"
Honing Sanny,Partai Demokrasi Indonesia Perjuangan,NTT I,NTT,"49,287"
Herman Hery,Partai Demokrasi Indonesia Perjuangan,NTT II,NTT,"109,406"
Karolin Margret Natasa,Partai Demokrasi Indonesia Perjuangan,Kalimantan Barat,Kalimantan Barat,"397,481"
Lasarus,Partai Demokrasi Indonesia Perjuangan,Kalimantan Barat,Kalimantan Barat,"173,154"
G Michael Jeno,Partai Demokrasi Indonesia Perjuangan,Kalimantan Barat,Kalimantan Barat,"55,121"
Willy M Yoseph,Partai Demokrasi Indonesia Perjuangan,Kalimantan Tengah,Kalimantan Tengah,"147,175"
Asdy Narang,Partai Demokrasi Indonesia Perjuangan,Kalimantan Tengah,Kalimantan Tengah,"64,560"
Adriansya,Partai Demokrasi Indonesia Perjuangan,Kalimantan Selatan II,Kalimantan Selatan,"48,611"
Marten Apuy,Partai Demokrasi Indonesia Perjuangan,Kalimantan Timur,Kalimantan Timur,"71,177"
Olly Dondokambey,Partai Demokrasi Indonesia Perjuangan,Sulawesi Utara,Sulawesi Utara,"237,620"
Vanda Sarundajang,Partai Demokrasi Indonesia Perjuangan,Sulawesi Utara,Sulawesi Utara,"126,197"
Rendy M Affandy Lamadjido,Partai Demokrasi Indonesia Perjuangan,Sulawesi Utara,Sulawesi Utara,"47,709"
Andi Ridwan Wittiri,Partai Demokrasi Indonesia Perjuangan,Sulawesi Selatan I,Sulawesi Selatan,"41,356"
Samsu Niang,Partai Demokrasi Indonesia Perjuangan,Sulawesi Selatan II,Sulawesi Selatan,"39,122"
Mercy Chriesty Barends,Partai Demokrasi Indonesia Perjuangan,Maluku,Maluku,"65,166"
Irine Yusiana Roba Putri,Partai Demokrasi Indonesia Perjuangan,Maluku Utara,Maluku Utara,"52,677"
Komarudin Watubun,Partai Demokrasi Indonesia Perjuangan,Papua,Papua,"120,724"
Tony Wardoyo,Partai Demokrasi Indonesia Perjuangan,Papua,Papua,"136,642"
Jimmy Demianus Ijie,Partai Demokrasi Indonesia Perjuangan,Papua Barat,Papua Barat,"69,908"
Salim Fakhry,Partai Golongan Karya,Aceh I,Aceh,"42,557"
Firmandez,Partai Golongan Karya,Aceh II,Aceh,"24,861"
Meutya Hafid,Partai Golongan Karya,Sumatera Utara I,Sumatera Utara,"45,232"
Rambe Kamarul Zaman,Partai Golongan Karya,Sumatera Utara II,Sumatera Utara,"59,978"
Delia Pratiwi BR Sitepu,Partai Golongan Karya,Sumatera Utara III,Sumatera Utara,"127,845"
Anthon Sihombing,Partai Golongan Karya,Sumatera Utara III,Sumatera Utara,"66,601"
Betti Shadiq Pasadigoe,Partai Golongan Karya,Sumatera Barat I,Sumatera Barat,"77,663"
John Kenedy Azis,Partai Golongan Karya,Sumatera Barat II,Sumatera Barat,"53,182"
Tabrani Maamun,Partai Golongan Karya,Riau I,RIAU,"57,200"
HM Idris Laena,Partai Golongan Karya,Riau II,RIAU,"91,595"
Saniatul Lativa,Partai Golongan Karya,Jambi,Jambi,"87,911"
Dodi Reza Alex Noerdin,Partai Golongan Karya,Sumatera Selatan I,Sumatera Selatan,"203,246"
Kahar Muzakir,Partai Golongan Karya,Sumatera Selatan I,Sumatera Selatan,"49,025"
Bobby Adhityo Rizaldi,Partai Golongan Karya,Sumatera Selatan II,Sumatera Selatan,"67,456"
Dwie Aroem Hadiyatie,Partai Golongan Karya,Lampung I,Lampung,"32,808"
Aziz Syamsuddi,Partai Golongan Karya,Lampung II,Lampung,"70,619"
Azhar Romli,Partai Golongan Karya,Bangka Belitung,Bangka Belitung,"33,693"
Bambang Wiyogo,Partai Golongan Karya,Jakarta I,DKI Jakarta,"45,617"
Fayakhun Andriadi,Partai Golongan Karya,Jakarta II,DKI Jakarta,"25,446"
Tantowi Yahya,Partai Golongan Karya,Jakarta III,DKI Jakarta,"45,507"
Popong Otje Djunjunan,Partai Golongan Karya,Jawa Barat I,Jawa Barat,"26,090"
Agus Gumiwang Kartasasmita,Partai Golongan Karya,Jawa Barat II,Jawa Barat,"102,469"
Lili Asdjudiredja,Partai Golongan Karya,Jawa Barat II,Jawa Barat,"44,285"
Deding Ishaq,Partai Golongan Karya,Jawa Barat III,Jawa Barat,"33,009"
Eka Sastra,Partai Golongan Karya,Jawa Barat III,Jawa Barat,"74,458"
Dewi Asmara,Partai Golongan Karya,Jawa Barat IV,Jawa Barat,"77,158"
Airlangga Hartarto,Partai Golongan Karya,Jawa Barat V,Jawa Barat,"113,939"
Ichsan Firdaus,Partai Golongan Karya,Jawa Barat V,Jawa Barat,"27,986"
Wenny Haryanto,Partai Golongan Karya,Jawa Barat VI,Jawa Barat,"32,906"
Ade Komarudin,Partai Golongan Karya,Jawa Barat VII,Jawa Barat,"167,732"
Dadang S Muchtar,Partai Golongan Karya,Jawa Barat VII,Jawa Barat,"69,414"
Dave Akbarshah Fikarno,Partai Golongan Karya,Jawa Barat VIII,Jawa Barat,"80,748"
Daniel Mutaqien Syafiuddin,Partai Golongan Karya,Jawa Barat VIII,Jawa Barat,"91,958"
Eldie Suwandie,Partai Golongan Karya,Jawa Barat IX,Jawa Barat,"90,588"
Agun Gunanjar Sudarsa,Partai Golongan Karya,Jawa Barat X,Jawa Barat,"69,359"
Ferdiansyah,Partai Golongan Karya,Jawa Barat XI,Jawa Barat,"67,837"
Ahmad Zacky Siradj,Partai Golongan Karya,Jawa Barat XI,Jawa Barat,"30,833"
Mujib Rohmat,Partai Golongan Karya,Jawa Tengah I,Jawa Tengah,"36,163"
Nusron Wahid,Partai Golongan Karya,Jawa Tengah II,Jawa Tengah,"243,021"
Bowo Sidik Pangarso,Partai Golongan Karya,Jawa Tengah II,Jawa Tengah,"66,909"
Firman Subagyo,Partai Golongan Karya,Jawa Tengah III,Jawa Tengah,"90,757"
Endang Maria Astuti,Partai Golongan Karya,Jawa Tengah IV,Jawa Tengah,"44,081"
Endang Srikarti Handayani,Partai Golongan Karya,Jawa Tengah V,Jawa Tengah,"48,547"
Iqbal Wibisono,Partai Golongan Karya,Jawa Tengah VI,Jawa Tengah,"50,868"
Bambang Soesatyo,Partai Golongan Karya,Jawa Tengah VII,Jawa Tengah,"57,235"
Dito Ganindito,Partai Golongan Karya,Jawa Tengah VIII,Jawa Tengah,"49,137"
Agung Widyantoro,Partai Golongan Karya,Jawa Tengah IX,Jawa Tengah,"75,577"
Budi Supriyanto,Partai Golongan Karya,Jawa Tengah X,Jawa Tengah,"57,339"
Siti Hediyati Soeharto,Partai Golongan Karya,DI Yogyakarta,DI Yogyakarta,"61,655"
Adies Kadir,Partai Golongan Karya,Jawa Timur I,Jawa Timur,"30,093"
Mukhamad Misbakhun,Partai Golongan Karya,Jawa Timur II,Jawa Timur,"66,899"
Hardisoesilo,Partai Golongan Karya,Jawa Timur III,Jawa Timur,"34,000"
Muhammad Nur Purnamasidi,Partai Golongan Karya,Jawa Timur IV,Jawa Timur,"26,438"
Ridwan Hisjam,Partai Golongan Karya,Jawa Timur V,Jawa Timur,"43,796"
Sarmuji,Partai Golongan Karya,Jawa Timur VI,Jawa Timur,"57,586"
Gatot Soedjito,Partai Golongan Karya,Jawa Timur VII,Jawa Timur,"54,344"
Mohammad Suryo Alam,Partai Golongan Karya,Jawa Timur VIII,Jawa Timur,"56,702"
SW Yudha,Partai Golongan Karya,Jawa Timur IX,Jawa Timur,"46,022"
Eni Maulani S,Partai Golongan Karya,Jawa Timur X,Jawa Timur,"84,837"
Zainudin Amali,Partai Golongan Karya,Jawa Timur II,Jawa Timur,"122,167"
Andika Hazrumy,Partai Golongan Karya,Banten I,Banten,"70,846"
Yayat Y Biaro,Partai Golongan Karya,Banten III,Banten,"31,668"
Andi Achmad Dara,Partai Golongan Karya,Banten III,Banten,"73,408"
Gde Sumarja Linggih,Partai Golongan Karya,Bali,Bali,"141,168"
AA Bagus Adhi Mahendra Putra,Partai Golongan Karya,Bali,Bali,"71,964"
Muhammad Lutfi,Partai Golongan Karya,NTB,NTB,"59,074"
Melchias Markus Mekeng,Partai Golongan Karya,NTT I,NTT,"73,120"
Setya Novanto,Partai Golongan Karya,NTT I,NTT,"85,188"
Charles J Mesang,Partai Golongan Karya,NTT II,NTT,"54,514"
Zul Fadhli,Partai Golongan Karya,Kalimantan Barat,Kalimantan Barat,"100,583"
Agati Sulie Mahyudin,Partai Golongan Karya,Kalimantan Tengah,Kalimantan Tengah,"32,297"
Ahmadi Noor Supit,Partai Golongan Karya,Kalimantan Selatan I,Kalimantan Selatan,"71,233"
Indro Hananto,Partai Golongan Karya,Kalimantan Selatan I,Kalimantan Selatan,"64,206"
Hasnuryadi Sulaiman,Partai Golongan Karya,Kalimantan Selatan II,Kalimantan Selatan,"82,130"
Mahyudin,Partai Golongan Karya,Kalimantan Timur,Kalimantan Timur,"91,623"
Neni Moerniaeni,Partai Golongan Karya,Kalimantan Timur,Kalimantan Timur,"61,405"
Aditya Anugrah Moha,Partai Golongan Karya,Sulawesi Utara,Sulawesi Utara,"77,264"
Mohammad Said,Partai Golongan Karya,Sulawesi Tengah,Sulawesi Tengah,"131,508"
Hamka B Kady,Partai Golongan Karya,Sulawesi Selatan I,Sulawesi Selatan,"45,717"
Syamsul Bachri,Partai Golongan Karya,Sulawesi Selatan II,Sulawesi Selatan,"66,519"
Andi Rio Idris Padjalangi,Partai Golongan Karya,Sulawesi Selatan II,Sulawesi Selatan,"77,962"
Markus Nari,Partai Golongan Karya,Sulawesi Selatan III,Sulawesi Selatan,"76,608"
Andi Fauziah Pujiwatie Hatta,Partai Golongan Karya,Sulawesi Selatan III,Sulawesi Selatan,"96,330"
Ridwan Bae,Partai Golongan Karya,Sulawesi Tenggara,Sulawesi Tenggara,"91,747"
Fadel Muhammad,Partai Golongan Karya,Gorontalo,Gorontalo,"163,054"
Roem Pono,Partai Golongan Karya,Gorontalo,Gorontalo,"117,831"
Enny Anggraeny Anwar,Partai Golongan Karya,Sulawesi Barat,Sulawesi Barat,"58,518"
Edison Betaubun,Partai Golongan Karya,Maluku,Maluku,"58,765"
Saiful Bahri Ruray,Partai Golongan Karya,Maluku Utara,Maluku Utara,"37,486"
Elion Numberi,Partai Golongan Karya,Papua,Papua,"85,374"
Robert Joppy Kardinal,Partai Golongan Karya,Papua Barat,Papua Barat,"65,690"
Fadhlullah,Partai Gerakan Indonesia Raya,Aceh I,Aceh,"63,872"
Khaidir,Partai Gerakan Indonesia Raya,Aceh II,Aceh,"42,124"
Muhammad Syafi'i,Partai Gerakan Indonesia Raya,Sumatera Utara I,Sumatera Utara,"46,438"
Gus Irawan Pasaribu,Partai Gerakan Indonesia Raya,Sumatera Utara II,Sumatera Utara,"188,205"
Suasana Dachi,Partai Gerakan Indonesia Raya,Sumatera Utara II,Sumatera Utara,"82,496"
Martin Hutabarat,Partai Gerakan Indonesia Raya,Sumatera Utara III,Sumatera Utara,"29,925"
Suir Syam,Partai Gerakan Indonesia Raya,Sumatera Barat I,Sumatera Barat,"34,858"
Ade Rezki Pratama,Partai Gerakan Indonesia Raya,Sumatera Barat II,Sumatera Barat,"71,847"
Rita Zahara,Partai Gerakan Indonesia Raya,Riau I,RIAU,"37,561"
Nurzahedi,Partai Gerakan Indonesia Raya,Riau II,RIAU,"45,622"
H.A.R Sutan Adil Hendra,Partai Gerakan Indonesia Raya,Jambi,Jambi,"59,261"
Edhy Prabowo,Partai Gerakan Indonesia Raya,Sumatera Selatan I,Sumatera Selatan,"75,186"
Sri Meliyana,Partai Gerakan Indonesia Raya,Sumatera Selatan II,Sumatera Selatan,"46,244"
Susi Marleny Bachsin,Partai Gerakan Indonesia Raya,Bengkulu,Bengkulu,"33,304"
Ahmad Muzani,Partai Gerakan Indonesia Raya,Lampung I,Lampung,"48,379"
Dwita Ria Gunadi,Partai Gerakan Indonesia Raya,Lampung II,Lampung,"71,391"
Asril Hamzah Tanjung,Partai Gerakan Indonesia Raya,Jakarta I,DKI Jakarta,"24,957"
Biem Triani Benjamin,Partai Gerakan Indonesia Raya,Jakarta II,DKI Jakarta,"50,624"
Aryo P.S Djojohadikusumo,Partai Gerakan Indonesia Raya,Jakarta III,DKI Jakarta,"53,268"
Sodik Mudjahid,Partai Gerakan Indonesia Raya,Jawa Barat I,Jawa Barat,"41,801"
Rachel Maryam Sayidina,Partai Gerakan Indonesia Raya,Jawa Barat II,Jawa Barat,"58,758"
Ahmad Riza Patria,Partai Gerakan Indonesia Raya,Jawa Barat III,Jawa Barat,"23,991"
Heri Gunawan,Partai Gerakan Indonesia Raya,Jawa Barat IV,Jawa Barat,"19,998"
Fadli Zon,Partai Gerakan Indonesia Raya,Jawa Barat V,Jawa Barat,"79,074"
Nuroji,Partai Gerakan Indonesia Raya,Jawa Barat VI,Jawa Barat,"52,838"
Putih Sari,Partai Gerakan Indonesia Raya,Jawa Barat VII,Jawa Barat,"56,745"
Kardaya Warnika,Partai Gerakan Indonesia Raya,Jawa Barat VIII,Jawa Barat,"34,761"
Oo Sutisna,Partai Gerakan Indonesia Raya,Jawa Barat IX,Jawa Barat,"34,650"
Subarna,Partai Gerakan Indonesia Raya,Jawa Barat XI,Jawa Barat,"19,795"
Jamal Mirdad,Partai Gerakan Indonesia Raya,Jawa Tengah I,Jawa Tengah,"39,760"
Abdul Wachid,Partai Gerakan Indonesia Raya,Jawa Tengah II,Jawa Tengah,65.925
Sri Wulan,Partai Gerakan Indonesia Raya,Jawa Tengah III,Jawa Tengah,"64,423"
Rahayu Saraswati Djojohadikusumo,Partai Gerakan Indonesia Raya,Jawa Tengah IV,Jawa Tengah,"47,542"
Bambang Riyanto,Partai Gerakan Indonesia Raya,Jawa Tengah V,Jawa Tengah,"34,872"
Harry Poernomo,Partai Gerakan Indonesia Raya,Jawa Tengah VI,Jawa Tengah,"56,323"
KRT. H Darori Wonodipuro,Partai Gerakan Indonesia Raya,Jawa Tengah VII,Jawa Tengah,"65,630"
Novita Wijayanti,Partai Gerakan Indonesia Raya,Jawa Tengah VIII,Jawa Tengah,"83,327"
Mohamad Hekal,Partai Gerakan Indonesia Raya,Jawa Tengah IX,Jawa Tengah,"53,567"
Ramson Siagian,Partai Gerakan Indonesia Raya,Jawa Tengah X,Jawa Tengah,"28,535"
Andika Pandu Puragabaya,Partai Gerakan Indonesia Raya,DI Yogyakarta,DI Yogyakarta,"72,290"
Bambang Haryo Soekartono,Partai Gerakan Indonesia Raya,Jawa Timur I,Jawa Timur,"33,896"
Soepriyatno,Partai Gerakan Indonesia Raya,Jawa Timur II,Jawa Timur,63.574
Sumail Abdullah,Partai Gerakan Indonesia Raya,Jawa Timur III,Jawa Timur,"28,257"
Bambang Haryadi,Partai Gerakan Indonesia Raya,Jawa Timur IV,Jawa Timur,"87,040"
Moreno Soeprapto,Partai Gerakan Indonesia Raya,Jawa Timur V,Jawa Timur,"52,921"
Endro Hermono,Partai Gerakan Indonesia Raya,Jawa Timur VI,Jawa Timur,"39,955"
Supriyanto,Partai Gerakan Indonesia Raya,Jawa Timur VII,Jawa Timur,"51,931"
Sareh Wiyono,Partai Gerakan Indonesia Raya,Jawa Timur VIII,Jawa Timur,"68,017"
Wihadi Wiyanto,Partai Gerakan Indonesia Raya,Jawa Timur IX,Jawa Timur,"29,133"
Khilmi,Partai Gerakan Indonesia Raya,Jawa Timur X,Jawa Timur,"46,127"
Moh Nizar Zahro,Partai Gerakan Indonesia Raya,Jawa Timur XI,Jawa Timur,"159,006"
Anda,Partai Gerakan Indonesia Raya,Banten I,Banten,"26,841"
Desmond Junaidi Mahesa,Partai Gerakan Indonesia Raya,Banten II,Banten,"61,275"
Sufmi Dasco Ahmad,Partai Gerakan Indonesia Raya,Banten III,Banten,"56,323"
Ida Bagus Putu Sukarta,Partai Gerakan Indonesia Raya,Bali,Bali,"54,655"
Wilgo Zainar,Partai Gerakan Indonesia Raya,NTB,NTB,"55,192"
Pius Lustrilanang,Partai Gerakan Indonesia Raya,NTT I,NTT,"55,432"
Fary Djemy Francis,Partai Gerakan Indonesia Raya,NTT II,NTT,"48,351"
Katherine A Oendoen,Partai Gerakan Indonesia Raya,Kalimantan Barat,Kalimantan Barat,"38,455"
Iwa Kurniawan,Partai Gerakan Indonesia Raya,Kalimantan Tengah,Kalimantan Tengah,"30,358"
Saiful Rasyid,Partai Gerakan Indonesia Raya,Kalimantan Selatan I,Kalimantan Selatan,"24,733"
Sjachrani Mataja,Partai Gerakan Indonesia Raya,Kalimantan Selatan II,Kalimantan Selatan,"31,347"
Luther Kombong,Partai Gerakan Indonesia Raya,Kalimantan Timur,Kalimantan Timur,"84,001"
Wenny Warouw,Partai Gerakan Indonesia Raya,Sulawesi Utara,Sulawesi Utara,"35,660"
Supratman Andi Agtas,Partai Gerakan Indonesia Raya,Sulawesi Tengah,Sulawesi Tengah,"61,500"
Azikin Solthan,Partai Gerakan Indonesia Raya,Sulawesi Selatan I,Sulawesi Selatan,"57,352"
Andi Iwan Darmawan Aras,Partai Gerakan Indonesia Raya,Sulawesi Selatan II,Sulawesi Selatan,"91,739"
Andi Nawir,Partai Gerakan Indonesia Raya,Sulawesi Selatan III,Sulawesi Selatan,"45,197"
Haerul Saleh,Partai Gerakan Indonesia Raya,Sulawesi Tenggara,Sulawesi Tenggara,"30,820"
Elnino M Husein Mohi,Partai Gerakan Indonesia Raya,Gorontalo,Gorontalo,"37,512"
Ruskati Ali Baal,Partai Gerakan Indonesia Raya,Sulawesi Barat,Sulawesi Barat,"55,014"
Amrullah Amri Tuasikal,Partai Gerakan Indonesia Raya,Maluku,Maluku,"95,690"
Roberth Rouw,Partai Gerakan Indonesia Raya,Papua,Papua,"128,598"
Teuku Riefky Harsya,Partai Demokrat,Aceh I,Aceh,"65,851"
Muslim,Partai Demokrat,Aceh II,Aceh,"41,219"
Ruhut Poltak Sitompul,Partai Demokrat,Sumatera Utara I,Sumatera Utara,"34,685"
Rooslynda Marpaung,Partai Demokrat,Sumatera Utara II,Sumatera Utara,"54,940"
Rudi Hartono Bangun,Partai Demokrat,Sumatera Utara III,Sumatera Utara,"49,023"
Darizal Basir,Partai Demokrat,Sumatera Barat I,Sumatera Barat,"34,695"
Mulyadi,Partai Demokrat,Sumatera Barat II,Sumatera Barat,"84,563"
Sutan Sukarnotomo,Partai Demokrat,Riau I,RIAU,"31,286"
Muhammad Nasir,Partai Demokrat,Riau II,RIAU,"48,906"
Zulfikar Achmad,Partai Demokrat,Jambi,Jambi,"53,556"
Wahyu Sanjaya,Partai Demokrat,Sumatera Selatan II,Sumatera Selatan,"46,164"
Syofwatillah Mohzaib,Partai Demokrat,Sumatera Selatan I,Sumatera Selatan,"50,138"
Zulkifli Anwar,Partai Demokrat,Lampung I,Lampung,"40,922"
Marwan Cik Asan,Partai Demokrat,Lampung II,Lampung,"46,940"
Eko Wijaya,Partai Demokrat,Bangka Belitung,Bangka Belitung,"35,570"
Dwi Astuti Wulandari,Partai Demokrat,Jakarta I,DKI Jakarta,"20,434"
Melani Leimena Suharli,Partai Demokrat,Jakarta II,DKI Jakarta,"19,844"
Agung Budi Santoso,Partai Demokrat,Jawa Barat I,Jawa Barat,"18,487"
Dede Yusuf Macan Effendi,Partai Demokrat,Jawa Barat II,Jawa Barat,"142,939"
Sjarifuddin Hasan,Partai Demokrat,Jawa Barat III,Jawa Barat,"31,486"
Anton Sukartono Suratto,Partai Demokrat,Jawa Barat V,Jawa Barat,"23,554"
Saan Mustopa,Partai Demokrat,Jawa Barat VII,Jawa Barat,"47,837"
Erman Khaeron,Partai Demokrat,Jawa Barat VIII,Jawa Barat,"41,394"
Linda Megawati,Partai Demokrat,Jawa Barat IX,Jawa Barat,"26,249"
Amin Santono,Partai Demokrat,Jawa Barat X,Jawa Barat,"23,948"
Siti Mufattahah,Partai Demokrat,Jawa Barat XI,Jawa Barat,"31,151"
Agus Hermanto ,Partai Demokrat,Jawa Tengah I,Jawa Tengah,"32,047"
Djoko Udjianto,Partai Demokrat,Jawa Tengah III,Jawa Tengah,"73,906"
Rinto Subekti,Partai Demokrat,Jawa Tengah IV,Jawa Tengah,"58,155"
Khatibul Umam Wiranu,Partai Demokrat,Jawa Tengah VIII,Jawa Tengah,"28,778"
Ambar Tjahyono,Partai Demokrat,DI Yogyakarta,DI Yogyakarta,"38,152"
Fandi Utomo,Partai Demokrat,Jawa Timur I,Jawa Timur,"26,335"
Evi Zainal Abidin,Partai Demokrat,Jawa Timur II,Jawa Timur,"43,122"
Azam Asman Natawijana,Partai Demokrat,Jawa Timur III,Jawa Timur,"21,060"
Ayub Khan,Partai Demokrat,Jawa Timur IV,Jawa Timur,"15,975"
Nurhayati Ali Assegaf,Partai Demokrat,Jawa Timur V,Jawa Timur,"18,162"
Venna Melinda,Partai Demokrat,Jawa Timur VI,Jawa Timur,"49,383"
Edhie Baskoro Yudhoyono,Partai Demokrat,Jawa Timur VII,Jawa Timur,"243,747"
Sartono,Partai Demokrat,Jawa Timur VII,Jawa Timur,"31,345"
Guntur Sasono,Partai Demokrat,Jawa Timur VIII,Jawa Timur,"46,089"
Didik Mukrianto,Partai Demokrat,Jawa Timur IX,Jawa Timur,"51,218"
Mat Nasir,Partai Demokrat,Jawa Timur XI,Jawa Timur,"109,367"
Vivi Sumantri Jayabaya,Partai Demokrat,Banten I,Banten,"31,458"
Wahidin Halim,Partai Demokrat,Banten III,Banten,"127,392"
Jero Wacik,Partai Demokrat,Bali,Bali,"104,682"
I Putu Sudiartana,Partai Demokrat,Bali,Bali,"73,348"
Syamsul Luthfi,Partai Demokrat,NTB,NTB,"83,638"
Benny Kabur Harman,Partai Demokrat,NTT I,NTT,"53,701"
Jefirston R Riwu Kore,Partai Demokrat,NTT II,NTT,"105,924"
Erma Suryani Ranik,Partai Demokrat,Kalimantan Barat,Kalimantan Barat,"34,420"
Noorbaiti Isran Noor,Partai Demokrat,Kalimantan Timur,Kalimantan Timur,"53,283"
Evert Erenst Mangindaan,Partai Demokrat,Sulawesi Utara,Sulawesi Utara,"81,152"
Verna Gladies Merry Inkiriwang,Partai Demokrat,Sulawesi Tengah,Sulawesi Tengah,"74,983"
Aliyah Mustika Ilham,Partai Demokrat,Sulawesi Selatan I,Sulawesi Selatan,"84,480"
Muhammad Nasyit Umar,Partai Demokrat,Sulawesi Selatan II,Sulawesi Selatan,"36,351"
Bahrum Daido,Partai Demokrat,Sulawesi Selatan III,Sulawesi Selatan,"31,747"
Umar Arsal,Partai Demokrat,Sulawesi Tenggara,Sulawesi Tenggara,"52,650"
Salim Mengga,Partai Demokrat,Sulawesi Barat,Sulawesi Barat,"51,168"
Willem Wandik,Partai Demokrat,Papua,Papua,"178,682"
Libert Kristo Ibo,Partai Demokrat,Papua,Papua,"166,734"
Michael Watimena,Partai Demokrat,Papua Barat,Papua Barat,"83,744"
Muslim Ayub,Partai Amanat Nasional,Aceh I,Aceh,"47,035"
Mulfachri Harahap,Partai Amanat Nasional,Sumatera Utara I,Sumatera Utara,"47,280"
Saleh Partaonan Daulay ,Partai Amanat Nasional,Sumatera Utara II,Sumatera Utara,"64,869"
Nasril Bahar ,Partai Amanat Nasional,Sumatera Utara III,Sumatera Utara,"86,885"
MHD Asli Chaidir ,Partai Amanat Nasional,Sumatera Barat I,Sumatera Barat,"33,917"
Jon Erizal ,Partai Amanat Nasional,Riau I,RIAU,"91,076"
A Bakri ,Partai Amanat Nasional,Jambi,Jambi,"79,605"
A Hafisz Tohir,Partai Amanat Nasional,Sumatera Selatan I,Sumatera Selatan,"74,176"
Hanna Gayatri ,Partai Amanat Nasional,Sumatera Selatan II,Sumatera Selatan,"80,871"
Dewi Coryati ,Partai Amanat Nasional,Bengkulu,Bengkulu,"42,490"
Zulkifli Hasan ,Partai Amanat Nasional,Lampung I,Lampung,"174,144"
Alimin Abdullah ,Partai Amanat Nasional,Lampung II,Lampung,"38,084"
Asman Abnur,Partai Amanat Nasional,Kepulauan Riau,Kepulauan Riau,"97,327"
Ahmad Najib Qodratullah ,Partai Amanat Nasional,Jawa Barat II,Jawa Barat,"23,358"
Desy Ratnasari ,Partai Amanat Nasional,Jawa Barat IV,Jawa Barat,"56,397"
Primus Yustisio,Partai Amanat Nasional,Jawa Barat V,Jawa Barat,"45,485"
Lucky Hakim ,Partai Amanat Nasional,Jawa Barat VI,Jawa Barat,"57,891"
Daeng Muhammad ,Partai Amanat Nasional,Jawa Barat VII,Jawa Barat,"54,576"
Budi Youyastri ,Partai Amanat Nasional,Jawa Barat X,Jawa Barat,"70,311"
Haerudin ,Partai Amanat Nasional,Jawa Barat XI,Jawa Barat,"44,178"
Yayuk Basuki ,Partai Amanat Nasional,Jawa Tengah I,Jawa Tengah,"25,615"
Laila Istiana ,Partai Amanat Nasional,Jawa Tengah IV,Jawa Tengah,"43,711"
Mohammad Hatta ,Partai Amanat Nasional,Jawa Tengah V,Jawa Tengah,"55,343"
Tjatur Sapto Edy ,Partai Amanat Nasional,Jawa Tengah VI,Jawa Tengah,"82,723"
Taufik Kurniawan ,Partai Amanat Nasional,Jawa Tengah VII,Jawa Tengah,"59,945"
Ammy Amalia Fatma Surya ,Partai Amanat Nasional,Jawa Tengah VIII,Jawa Tengah,"28,152"
Teguh Juwarno ,Partai Amanat Nasional,Jawa Tengah IX,Jawa Tengah,"54,963"
Andriyanto Johan Syah ,Partai Amanat Nasional,Jawa Tengah X,Jawa Tengah,"32,355"
A Hanafi Rais ,Partai Amanat Nasional,DI Yogyakarta,DI Yogyakarta,"197,915"
Sungkono ,Partai Amanat Nasional,Jawa Timur I,Jawa Timur,"56,922"
Anang Hermansyah ,Partai Amanat Nasional,Jawa Timur IV,Jawa Timur,"53,559"
Totok Daryanto ,Partai Amanat Nasional,Jawa Timur V,Jawa Timur,"36,632"
A Riski Sadig,Partai Amanat Nasional,Jawa Timur VI,Jawa Timur,"86,898"
Eko Hendro Purnomo ,Partai Amanat Nasional,Jawa Timur VIII,Jawa Timur,"69,301"
Kuswiyanto ,Partai Amanat Nasional,Jawa Timur IX,Jawa Timur,"45,456"
Viva Yoga Mauladi ,Partai Amanat Nasional,Jawa Timur X,Jawa Timur,"59,361"
Yandri Susanto ,Partai Amanat Nasional,Banten II,Banten,"77,964"
M Ali Taher ,Partai Amanat Nasional,Banten III,Banten,"62,279"
Muhammad Syafrudin ,Partai Amanat Nasional,NTB,NTB,"62,292"
Laurens Bahang Dama ,Partai Amanat Nasional,NTT I,NTT,"79,603"
Sukiman ,Partai Amanat Nasional,Kalimantan Barat,Kalimantan Barat,"83,037"
Hang Ali Saputra Syah Pahan ,Partai Amanat Nasional,Kalimantan Tengah,Kalimantan Tengah,"22,561"
Yasti Soepredjo Mokoagow ,Partai Amanat Nasional,Sulawesi Utara,Sulawesi Utara,"103,801"
Indira Chunda Thita Syahrul,Partai Amanat Nasional,Sulawesi Selatan I,Sulawesi Selatan,"104,293"
Andi Taufan Tiro ,Partai Amanat Nasional,Sulawesi Selatan II,Sulawesi Selatan,"54,585"
Amran,Partai Amanat Nasional,Sulawesi Selatan III,Sulawesi Selatan,"38,501"
Asnawati Hasan ,Partai Amanat Nasional,Sulawesi Tenggara,Sulawesi Tenggara,"131,520"
Mohammad Yamin Tawary,Partai Amanat Nasional,Maluku Utara,Maluku Utara,"28,171"
Jamaluddin Jafar ,Partai Amanat Nasional,Papua,Papua,"91,179"
Irmawan,Partai Kebangkitan Bangsa,Aceh I,Aceh,"40,191"
Marwan Dasopang ,Partai Kebangkitan Bangsa,Sumatera Utara II,Sumatera Utara,"59,657"
Muhammad Lukman Edi ,Partai Kebangkitan Bangsa,Riau II,RIAU,"60,420"
Handayani ,Partai Kebangkitan Bangsa,Jambi,Jambi,"47,479"
Bertu Merlas ,Partai Kebangkitan Bangsa,Sumatera Selatan II,Sumatera Selatan,"76,965"
Musa Zainudin ,Partai Kebangkitan Bangsa,Lampung I,Lampung,"43,784"
Chusnunia Chalim ,Partai Kebangkitan Bangsa,Lampung II,Lampung,"56,752"
Cucun Ahmad Saymsurijal ,Partai Kebangkitan Bangsa,Jawa Barat II,Jawa Barat,"37,763"
Neng Eem Marhamah Zulfa Hiz ,Partai Kebangkitan Bangsa,Jawa Barat III,Jawa Barat,"12,149"
Krisna Mukti ,Partai Kebangkitan Bangsa,Jawa Barat VII,Jawa Barat,"31,987"
Dedi Wahidi ,Partai Kebangkitan Bangsa,Jawa Barat VIII,Jawa Barat,"67,722"
Maman Imanul Haq,Partai Kebangkitan Bangsa,Jawa Barat IX,Jawa Barat,"39,080"
Yanuar Prihatin,Partai Kebangkitan Bangsa,Jawa Barat X,Jawa Barat,"17,823"
Acep Adang Ruhiat ,Partai Kebangkitan Bangsa,Jawa Barat XI,Jawa Barat,"71,697"
Alamudin Dimyati Rois ,Partai Kebangkitan Bangsa,Jawa Tengah I,Jawa Tengah,"82,221"
Fathan ,Partai Kebangkitan Bangsa,Jawa Tengah II,Jawa Tengah,"93,097"
Marwan Ja'far ,Partai Kebangkitan Bangsa,Jawa Tengah III,Jawa Tengah,"123,447"
Muhammad Toha ,Partai Kebangkitan Bangsa,Jawa Tengah V,Jawa Tengah,"71,688"
Abdul Kadir Karding ,Partai Kebangkitan Bangsa,Jawa Tengah VI,Jawa Tengah,"128,037"
Taufiq R Abdullah,Partai Kebangkitan Bangsa,Jawa Tengah VII,Jawa Tengah,"44,690"
Siti Mukarromah ,Partai Kebangkitan Bangsa,Jawa Tengah VIII,Jawa Tengah,"36,312"
Bachrudin Nasori ,Partai Kebangkitan Bangsa,Jawa Tengah IX,Jawa Tengah,"81,606"
Muh. Hanif Dhakiri ,Partai Kebangkitan Bangsa,Jawa Tengah X,Jawa Tengah,"95,625"
Bisri Romly ,Partai Kebangkitan Bangsa,Jawa Tengah X,Jawa Tengah,"64,496"
Agus Sulistiono,Partai Kebangkitan Bangsa,DI Yogyakarta,DI Yogyakarta,"51,045"
Imam Nahrawi ,Partai Kebangkitan Bangsa,Jawa Timur I,Jawa Timur,"80,283"
Syaikhul Islam ,Partai Kebangkitan Bangsa,Jawa Timur I,Jawa Timur,"91,211"
Abdul Malik Haramain ,Partai Kebangkitan Bangsa,Jawa Timur II,Jawa Timur,"76,642"
Nihayatul Wafiroh ,Partai Kebangkitan Bangsa,Jawa Timur III,Jawa Timur,"90,197"
M Nasim Khan ,Partai Kebangkitan Bangsa,Jawa Timur III,Jawa Timur,"78,222"
Syaiful Bahri Anshori ,Partai Kebangkitan Bangsa,Jawa Timur IV,Jawa Timur,"47,918"
Hadi Zainal Abidin,Partai Kebangkitan Bangsa,Jawa Timur IV,Jawa Timur,"46,685"
Latifah Sohib ,Partai Kebangkitan Bangsa,Jawa Timur V,Jawa Timur,"53,121"
An'im F mahrus ,Partai Kebangkitan Bangsa,Jawa Timur VI,Jawa Timur,"71,421"
Ibnu Multazam ,Partai Kebangkitan Bangsa,Jawa Timur VII,Jawa Timur,"75,312"
Abd Muhaimin Iskandar ,Partai Kebangkitan Bangsa,Jawa Timur VIII,Jawa Timur,"116,694"
Ida Fauziyah ,Partai Kebangkitan Bangsa,Jawa Timur VIII,Jawa Timur,"37,251"
Anna Mu'awanah ,Partai Kebangkitan Bangsa,Jawa Timur IX,Jawa Timur,"95,621"
Jazilul Fawaid ,Partai Kebangkitan Bangsa,Jawa Timur X,Jawa Timur,"94,147"
Kholilurrahman,Partai Kebangkitan Bangsa,Jawa Timur XI,Jawa Timur,"146,054"
Siti Masrifah ,Partai Kebangkitan Bangsa,Banten III,Banten,"32,308"
Helmy Faishal Zaini ,Partai Kebangkitan Bangsa,NTB,NTB,"69,542"
Daniel Johan ,Partai Kebangkitan Bangsa,Kalimantan Barat,Kalimantan Barat,"28,608"
Zainul Arifin Noor ,Partai Kebangkitan Bangsa,Kalimantan Selatan I,Kalimantan Selatan,"31,975"
Zairullah Azhar ,Partai Kebangkitan Bangsa,Kalimantan Selatan II,Kalimantan Selatan,"81,324"
Rohani ,Partai Kebangkitan Bangsa,Maluku,Maluku,"93,800"
Peggi Patrisia Pattipi ,Partai Kebangkitan Bangsa,Papua,Papua,"106,371"
Anwar Idris ,Partai Persatuan Pembangunan,Aceh II,Aceh,"52,459"
Hasrul Azwar ,Partai Persatuan Pembangunan,Sumatera Utara I,Sumatera Utara,"43,908"
Fadli Nurzal ,Partai Persatuan Pembangunan,Sumatera Utara III,Sumatera Utara,"59,584"
Epyardi Asda ,Partai Persatuan Pembangunan,Sumatera Barat I,Sumatera Barat,"60,282"
Muhammad Iqbal ,Partai Persatuan Pembangunan,Sumatera Barat II,Sumatera Barat,"21,348"
Elviana,Partai Persatuan Pembangunan,Jambi,Jambi,"42,535"
Achmad Fauzan ,Partai Persatuan Pembangunan,Jakarta I,DKI Jakarta,"50,323"
Okky Asokawati ,Partai Persatuan Pembangunan,Jakarta II,DKI Jakarta,"35,727"
Achmad Dimyati Natakusumah ,Partai Persatuan Pembangunan,Jakarta III,DKI Jakarta,"68,353"
Joko Purwanto ,Partai Persatuan Pembangunan,Jawa Barat III,Jawa Barat,"26,651"
Reni Marlinawati ,Partai Persatuan Pembangunan,Jawa Barat IV,Jawa Barat,"38,777"
Achmad Farial ,Partai Persatuan Pembangunan,Jawa Barat V,Jawa Barat,"50,686"
Wardatul Asriah ,Partai Persatuan Pembangunan,Jawa Barat VII,Jawa Barat,"77,175"
Dony Ahmad Munir ,Partai Persatuan Pembangunan,Jawa Barat IX,Jawa Barat,"38,038"
Asep A Maoshul Affandy ,Partai Persatuan Pembangunan,Jawa Barat X,Jawa Barat,"41,320"
Nurhayati,Partai Persatuan Pembangunan,Jawa Barat XI,Jawa Barat,"82,467"
Mukhlisin,Partai Persatuan Pembangunan,Jawa Tengah II,Jawa Tengah,"71,515"
Moh Arwani Thomafi ,Partai Persatuan Pembangunan,Jawa Tengah III,Jawa Tengah,"67,484"
Lukman Hakim Saifuddin,Partai Persatuan Pembangunan,Jawa Tengah VI,Jawa Tengah,"38,620"
Mochammad Romahurmuziy,Partai Persatuan Pembangunan,Jawa Tengah VII,Jawa Tengah,"64,716"
Achmad Mustaqim ,Partai Persatuan Pembangunan,Jawa Tengah VIII,Jawa Tengah,"14,620"
Zainut Tauhid Sa'adi ,Partai Persatuan Pembangunan,Jawa Tengah IX,Jawa Tengah,"28,433"
Arsul Sani ,Partai Persatuan Pembangunan,Jawa Tengah X,Jawa Tengah,"36,163"
Mustofa Assegaf ,Partai Persatuan Pembangunan,Jawa Timur II,Jawa Timur,"57,303"
Sy Anas Tahir ,Partai Persatuan Pembangunan,Jawa Timur III,Jawa Timur,"32,166"
Iskandar D Syaichu ,Partai Persatuan Pembangunan,Jawa Timur X,Jawa Timur,"59,376"
Fanny Syafriansyah ,Partai Persatuan Pembangunan,Jawa Timur XI,Jawa Timur,"189,186"
Irna Narolita ,Partai Persatuan Pembangunan,Banten I,Banten,"88,969"
Kartika Yudhisti ,Partai Persatuan Pembangunan,Banten II,Banten,"49,377"
Irgan Chairul Mahfiz ,Partai Persatuan Pembangunan,Banten III,Banten,"59,048"
Ermalena,Partai Persatuan Pembangunan,NTB,NTB,"49,314"
Usman Ja'far ,Partai Persatuan Pembangunan,Kalimantan Barat,Kalimantan Barat,"81,113"
Syaifullah Tamliha ,Partai Persatuan Pembangunan,Kalimantan Selatan I,Kalimantan Selatan,"58,348"
Aditya Mufti Ariffin ,Partai Persatuan Pembangunan,Kalimantan Selatan II,Kalimantan Selatan,"65,267"
Kasriyah,Partai Persatuan Pembangunan,Kalimantan Timur,Kalimantan Timur,"49,839"
Amir Uskara,Partai Persatuan Pembangunan,Sulawesi Selatan I,Sulawesi Selatan,"67,925"
Andi Muhammad Galib ,Partai Persatuan Pembangunan,Sulawesi Selatan II,Sulawesi Selatan,"32,915"
Fatmwati Rusdi ,Partai Persatuan Pembangunan,Sulawesi Selatan III,Sulawesi Selatan,"93,856"
Amirul Tamim ,Partai Persatuan Pembangunan,Sulawesi Tenggara,Sulawesi Tenggara,"48,477"
Bahtiar Ali ,Partai Nasdem,Aceh I,Aceh,"38,820"
Zulfan Lindan ,Partai Nasdem,Aceh II,Aceh,"23,748"
Prananda Surya paloh ,Partai Nasdem,Sumatera Utara I,Sumatera Utara,"46,233"
Sahat Silaban ,Partai Nasdem,Sumatera Utara II,Sumatera Utara,"67,555"
Ali Umri ,Partai Nasdem,Sumatera Utara III,Sumatera Utara,"39,948"
Endre Saifoel ,Partai Nasdem,Sumatera Barat I,Sumatera Barat,"38,249"
Irma Suryani,Partai Nasdem,Sumatera Selatan II,Sumatera Selatan,"68,128"
Patrice Rio Capella ,Partai Nasdem,Bengkulu,Bengkulu,"86,405"
Tamanuri,Partai Nasdem,Lampung II,Lampung,"76,081"
Nyat Kadir,Partai Nasdem,Kepulauan Riau,Kepulauan Riau,"55,384"
Ahmad Sahroni ,Partai Nasdem,Jakarta III,DKI Jakarta,"60,683"
Supiadin Aries saputra ,Partai Nasdem,Jawa Barat XI,Jawa Barat,"14,099"
Fadoli ,Partai Nasdem,Jawa Tengah I,Jawa Tengah,"41,185"
H.M Prasetyo ,Partai Nasdem,Jawa Tengah II,Jawa Tengah,"51,999"
Donny Imam Priambodo ,Partai Nasdem,Jawa Tengah III,Jawa Tengah,"42,491"
Choirul Muna ,Partai Nasdem,Jawa Tengah VI,Jawa Tengah,"66,131"
Amelia Anggraini ,Partai Nasdem,Jawa Tengah VII,Jawa Tengah,"48,039"
Hasan Aminuddin ,Partai Nasdem,Jawa Timur II,Jawa Timur,"190,226"
T. Taufiqulhadi ,Partai Nasdem,Jawa Timur IV,Jawa Timur,"22,075"
Kresna Dewanata Phrosakh ,Partai Nasdem,Jawa Timur V,Jawa Timur,"52,413"
Mohammad Mahardika Suprapto,Partai Nasdem,Jawa Timur VI,Jawa Timur,"14,376"
Yayuk Sri Rahayuningsih ,Partai Nasdem,Jawa Timur VII,Jawa Timur,"34,291"
Soehartono,Partai Nasdem,Jawa Timur VIII,Jawa Timur,"43,700"
Slamet Junaedi ,Partai Nasdem,Jawa Timur IX,Jawa Timur,"167,733"
Tri Murny ,Partai Nasdem,Banten I,Banten,"36,571"
Kurtubi,Partai Nasdem,NTB,NTB,"37,889"
Jhony G Plate ,Partai Nasdem,NTT I,NTT,"33,704"
Viktor Bungtilu Laiskodat ,Partai Nasdem,NTT II,NTT,"77,555"
Syarief Abdullah ALK ,Partai Nasdem,Kalimantan Barat,Kalimantan Barat,"73,774"
Hamdhani ,Partai Nasdem,Kalimantan Tengah,Kalimantan Tengah,"29,633"
Achmad Amins ,Partai Nasdem,Kalimantan Timur,Kalimantan Timur,"35,142"
Ahmad HI M Ali ,Partai Nasdem,Sulawesi Tengah,Sulawesi Tengah,"109,021"
Akbar Faizal ,Partai Nasdem,Sulawesi Selatan II,Sulawesi Selatan,"47,940"
M luthfi A Mutty ,Partai Nasdem,Sulawesi Selatan III,Sulawesi Selatan,"39,828"
Sulaiman L Hamzah ,Partai Nasdem,Papua,Papua,"80,623"
Nurdin Tampubolon ,Partai Hanura,Sumatera Utara I,Sumatera Utara,"49,859"
Rufinus Hotmaulana Hutauruk ,Partai Hanura,Sumatera Utara II,Sumatera Utara,"52,666"
Samsudin Siregar ,Partai Hanura,Sumatera Utara III,Sumatera Utara,"42,850"
Fauzih H. Amro ,Partai Hanura,Sumatera Selatan I,Sumatera Selatan,"26,438"
Frans Agung Mula Putra ,Partai Hanura,Lampung I,Lampung,"81,058"
Moh. Arief S Suditomo ,Partai Hanura,Jawa Barat I,Jawa Barat,"24,649"
Dadang Rusdiana ,Partai Hanura,Jawa Barat II,Jawa Barat,"29,778"
Djoni Rolindrawan ,Partai Hanura,Jawa Barat III,Jawa Barat,"18,754"
Miryam S Haryani ,Partai Hanura,Jawa Barat VIII,Jawa Barat,"34,030"
Dossy Iskandar Prasetyo ,Partai Hanura,Jawa Timur VIII,Jawa Timur,"43,090"
M Farid Alfauzi ,Partai Hanura,Jawa Timur XI,Jawa Timur,"115,963"
Inas Nasrullah Zubir ,Partai Hanura,Banten III,Banten,"27,097"
Lalu Gede Syamsul Mujahidin ,Partai Hanura,NTB,NTB,"71,211"
Saleh Husin ,Partai Hanura,NTT II,NTT,"51,780"
Sarifuddin Sudding ,Partai Hanura,Sulawesi Tengah,Sulawesi Tengah,"42,660"
Dewie Yasin Limpo ,Partai Hanura,Sulawesi Selatan I,Sulawesi Selatan,"39,514"
Muhammad Nasir Djamil,Partai Keadilan Sejahtera,Aceh I,Aceh,"62,400"
Tifatul Sembiring,Partai Keadilan Sejahtera,Sumatera Utara I,Sumatera Utara,"74,510"
Iskan Qolba Lubis,Partai Keadilan Sejahtera,Sumatera Utara II,Sumatera Utara,"40,763"
Ansory Siregar,Partai Keadilan Sejahtera,Sumatera Utara III,Sumatera Utara,"33,291"
Refrizal ,Partai Keadilan Sejahtera,Sumatera Barat II,Sumatera Barat,"25,568"
Hermanto,Partai Keadilan Sejahtera,Sumatera Barat I,Sumatera Barat,"25,756"
Chairul Anwar,Partai Keadilan Sejahtera,Riau I,Riau,"51,700"
Mustafa Kamal,Partai Keadilan Sejahtera,Sumatera Selatan I,Sumatera Selatan,"35,857"
Mohammad Iqbal Romzi,Partai Keadilan Sejahtera,Sumatera Selatan II,Sumatera Selatan,"38,652"
Almuzammil Yusuf,Partai Keadilan Sejahtera,Lampung I,Lampung,"43,974"
Abdul Hakim,Partai Keadilan Sejahtera,Lampung II,Lampung,"72,238"
Ahmad Zainuddin,Partai Keadilan Sejahtera,Jakarta I,DKI Jakarta,"50,474"
Hidayat Nur Wahid,Partai Keadilan Sejahtera,Jakarta II,DKI Jakarta,"119,267"
Adang Daradjatun,Partai Keadilan Sejahtera,Jakarta III,DKI Jakarta,"27,164"
Ledia Hanifa Amaliah,Partai Keadilan Sejahtera,Jawa Barat I,Jawa Barat,"30,179"
Ma'mur Hasanudin,Partai Keadilan Sejahtera,Jawa Barat II,Jawa Barat,"31,854"
Ecky Awal Mucharam,Partai Keadilan Sejahtera,Jawa Barat III,Jawa Barat,"52,823"
Yudi Widiana Adia,Partai Keadilan Sejahtera,Jawa Barat IV,Jawa Barat,"30,119"
TB Soemanjaja,Partai Keadilan Sejahtera,Jawa Barat V,Jawa Barat,"17,196"
Mahfudz Abdurrahman,Partai Keadilan Sejahtera,Jawa Barat VI,Jawa Barat,"61,832"
Sa'dudin,Partai Keadilan Sejahtera,Jawa Barat VII,Jawa Barat,"50,935"
Mahfudz Siddiq,Partai Keadilan Sejahtera,Jawa Barat VIII,Jawa Barat,"47,338"
Nur Hasan Zaidi,Partai Keadilan Sejahtera,Jawa Barat IX,Jawa Barat,"36,517"
Surahman Hidayat,Partai Keadilan Sejahtera,Jawa Barat X,Jawa Barat,"68,380"
Mohamad Sohibul Iman,Partai Keadilan Sejahtera,Jawa Barat XI,Jawa Barat,"42,553"
H.M Gamari,Partai Keadilan Sejahtera,Jawa Tengah III,Jawa Tengah,"20,785"
Hamid Noor Yasin,Partai Keadilan Sejahtera,Jawa Tengah IV,Jawa Tengah,"47,257"
H. Abdul Kharis Almasyahri,Partai Keadilan Sejahtera,Jawa Tengah V,Jawa Tengah,"34,320"
Abdul Fikri,Partai Keadilan Sejahtera,Jawa Tengah IX,Jawa Tengah,"34,173"
Sukamta,Partai Keadilan Sejahtera,DI Yogyakarta,DI Yogyakarta,"49,771"
Sigit Sosiantomo,Partai Keadilan Sejahtera,Jawa Timur I,Jawa Timur,"34,930"
Rofi' Munawar,Partai Keadilan Sejahtera,Jawa Timur VII,Jawa Timur,"46,669"
Zulkiefliemansyah,Partai Keadilan Sejahtera,Banten II,Banten,"38,966"
Jazuli Juwaini,Partai Keadilan Sejahtera,Banten III,Banten,"81,291"
Fahri Hamzah,Partai Keadilan Sejahtera,NTB,NTB,"125,083"
Habib Aboe Bakar Alhabsyi,Partai Keadilan Sejahtera,Kalimantan Selatan I,Kalimantan Selatan,"66,206"
Hadi Mulyadi,Partai Keadilan Sejahtera,Kalimantan Timur,Kalimantan Timur,"53,143"
Tamsil Linrung,Partai Keadilan Sejahtera,Sulawesi Selatan I,Sulawesi Selatan,"63,577"
Andi Akmal Pasluddin,Partai Keadilan Sejahtera,Sulawesi Selatan II,Sulawesi Selatan,"33,896"
Muhammad Yudi Kotouky,Partai Keadilan Sejahtera,Papua,Papua,"102,371"
