Names;PartyNm;Provinces
Teuku Riefky Harsa;Partai Demokrat;Aceh 1
Irmawan;Partai Kebangkitan Bangsa;Aceh 1
Muhammad Nasir Djamil;Partai Keadilan Sejahtera;Aceh 1
Bachtiar Aly;Partai NasDem;Aceh 1
Muslim Ayub;Partai Amanat Nasional;Aceh 1
Fadhullah;Partai Gerakan Indonesia Raya;Aceh 1
Salim Fakhry;Partai Golongan Karya;Aceh 1
Muslim;Partai Demokrat;Aceh 2
Zulfan Lindan;Partai NasDem;Aceh 2
Anwar Idris;Partai Persatuan Pembangunan;Aceh 2
Khaidir;Partai Gerakan Indonesia Raya;Aceh 2
Firmandez;Partai Golongan Karya;Aceh 2
Tagore Abubakar;Partai Demokrasi Indonesia Perjuangan;Aceh 2
Abdul Wahab Dalimunthe;Partai Demokrat;SumatraUtara 1
Nurdin Tampubolon;Partai Hati Nurani Rakyat;SumatraUtara 1
Tifatul Sembiring;Partai Keadilan Sejahtera;SumatraUtara 1
Prananda Surya Paloh;Partai NasDem;SumatraUtara 1
Hasrul Azwar;Partai Persatuan Pembangunan;SumatraUtara 1
Mulfachri Harahap;Partai Amanat Nasional;SumatraUtara 1
Muhammad Syafii;Partai Gerakan Indonesia Raya;SumatraUtara 1
Meutya Hafid;Partai Golongan Karya;SumatraUtara 1
Irmadi Lubis;Partai Demokrasi Indonesia Perjuangan;SumatraUtara 1
Sofyan Tan;Partai Demokrasi Indonesia Perjuangan;SumatraUtara 1
Jhoni Allen Marbun;Partai Demokrat;SumatraUtara 2
Erik Adtrada Ritonga;Partai Hati Nurani Rakyat;SumatraUtara 2
Marwan Dasopang;Partai Kebangkitan Bangsa;SumatraUtara 2
Iskan Qolba Lubis;Partai Keadilan Sejahtera;SumatraUtara 2
Sahat Silaban;Partai NasDem;SumatraUtara 2
Saleh Partaonan Daulay;Partai Amanat Nasional;SumatraUtara 2
Gus Irawan Pasaribu;Partai Gerakan Indonesia Raya;SumatraUtara 2
Salomo Parlindungan Hutabarat;Partai Gerakan Indonesia Raya;SumatraUtara 2
Rambe Kamarul Zaman;Partai Golongan Karya;SumatraUtara 2
Trimedya Panjaitan;Partai Demokrasi Indonesia Perjuangan;SumatraUtara 2
Hinca Panjaitan;Partai Demokrat;Sumatra Utara 3
Samsudin Siregar;Partai Hati Nurani Rakyat;Sumatra Utara 3
Ansory Siregar;Partai Keadilan Sejahtera;Sumatra Utara 3
Ali Umri;Partai NasDem;Sumatra Utara 3
Lukman Hakim Hasibuan;Partai Persatuan Pembangunan;Sumatra Utara 3
Nasril Bahar;Partai Amanat Nasional;Sumatra Utara 3
Martin Hutabarat;Partai Gerakan Indonesia Raya;Sumatra Utara 3
Captain Anthon Sihombing;Partai Golongan Karya;Sumatra Utara 3
Delia Pratiwi Sitepu;Partai Golongan Karya;Sumatra Utara 3
Junimart Girsang;Partai Demokrasi Indonesia Perjuangan;Sumatra Utara 3
Darizal Basir;Partai Demokrat;Sumatra Barat 1
Hermanto;Partai Keadilan Sejahtera;Sumatra Barat 1
Endre Saifoel;Partai NasDem;Sumatra Barat 1
Hasanuddin AS;Partai Persatuan Pembangunan;Sumatra Barat 1
Muhammad Asli Chaidir;Partai Amanat Nasional;Sumatra Barat 1
Suir Syam;Partai Gerakan Indonesia Raya;Sumatra Barat 1
Betti Shadiq Pasadigoe;Partai Golongan Karya;Sumatra Barat 1
Alex Indra Lukman;Parta Demokrasi Indonesia Perjuangan;Sumatra Barat 1
Mulyadi;Partai Demokrat;Sumatra Barat 2
Refrizal;Partai Keadilan Sejahtera;Sumatra Barat 2
Muhammad Iqbal;Partai Persatuan Pembangunan;Sumatra Barat 2
Ade Rezki Pratama;Partai Gerakan Indonesia Raya;Sumatra Barat 2
John Kenedy Azis;Partai Golongan Karya;Sumatra Barat 2
Agus Susanto;Partai Demokrasi Indonesia Perjuangan;Sumatra Barat 2
Sayed Abubakar Assegaf;Partai Demokrat;Riau 1
Chairul Anwar;Partai Keadilan Sejahtera;Riau 1
Jon Erizal;Partai Amanat Nasional;Riau 1
Faisal Muharrami Saragih;Partai Gerakan Indonesia Raya;Riau 1
Tabrani Maamun;Partai Golongan Karya;Riau 1
Effendy Sianipar;Partai Demokrasi Indonesia Perjuangan;Riau 1
Muhammad Nasir;Partai Demokrat;Riau 2
Idris Laena;Partai Golongan Karya;Riau 2
Nurzahedi;Partai Gerakan Indonesia Raya;Riau 2
Mafirion;Partai Kebangkitan Bangsa;Riau 2
Marsiaman Saragih;Partai Demokrasi Indonesia Perjuangan;Riau 2
Nyat Kadir;Partai Nasional Demokrat;Kepulauan Riau
Siti Sarwindah;Partai Amanat Nasional;Kepulauan Riau
Dwi Ria Latifa;Partai Demokrasi Indonesia Perjuangan;Kepulauan Riau
Zulfikar Achmad;Partai Demokrat;Jambi
Handayani;Partai Kebangkitan Bangsa;Jambi
Elviana;Partai Persatuan Pembangunan;Jambi
A Bakrie;Partai Amanat Nasional;Jambi
Sutan Adil Hendra;Partai Gerakan Indonesia Raya;Jambi
Hajah Sianitul Lativa;Partai Golongan Karya;Jambi
M.R. Ihsan Yunus;Partai Demokrasi Indonesia Perjuangan;Jambi
Syofwatillah Muzaib;Partai Demokrat;Sumatra Selatan 1
Fauzih H Amro;Partai Hati Nurani Rakyat;Sumatra Selatan 1
Mustafa Kamal;Partai Keadilan Sejahtera;Sumatra Selatan 1
Hafisz Tohir;Partai Amanat Nasional;Sumatra Selatan 1
Edhy Prabowo;Partai Gerakan Indonesia Raya;Sumatra Selatan 1
Wasista Bambang Utoyo;Partai Golongan Karya;Sumatra Selatan 1
Nazarudin Kiemas;Partai Demokrasi Indonesia Perjuangan;Sumatra Selatan 2
Wahyu Sanjaya;Partai Demokrat;Sumatra Selatan 2
Bertu Merlas;Partai Kebangkitan Bangsa;Sumatra Selatan 2
Mohammad Iqbal Romzi;Partai Keadilan Sejahtera;Sumatra Selatan 2
Irma Suryani;Partai NasDem;Sumatra Selatan 2
Hanna Gayatri;Partai Amanat Nasional;Sumatra Selatan 2
Sri Meliyana;Partai Gerakan Indonesia Raya;Sumatra Selatan 2
Bobby Adhityo Rizaldi;Partai Golongan Karya;Sumatra Selatan 2
Erwin M. Singajuru;Partai Demokrasi Indonesia Perjuangan;Sumatra Selatan 2
Yulian Gunhar;Partai Demokrasi Indonesia Perjuangan;Sumatra Selatan 2
Eko Wijaya;Partai Demokrat;Bangka Belitung
Melda Addriani;Partai Golongan Karya;Bangka Belitung
Rudianto Tjen;Partai Demokrasi Indonesia Perjuangan;Bangka Belitung
Anarulita Muchtar;Partai NasDem;Bengkulu
Dewi Coryati;Partai Amanat Nasional;Bengkulu
Susi Markely Bachsin;Partai Gerakan Indonesia Raya;Bengkulu
Elva Hartati;Partai Demokrasi Indonesia Perjuangan;Bengkulu
Zulkifli Anwar;Partai Demokrat;Lampung 1
A. Ferdinand Sampurna Jaya;Partai Hati Nurani Rakyat;Lampung 1
Aryanto Munawar;Partai Kebangkitan Bangsa;Lampung 1
Almuzzamil Yusuf;Partai Keadilan Sejahtera;Lampung 1
Zulkifli Hasan;Partai Amanat Nasional;Lampung 1
Ahmad Muzani;Partai Gerakan Indonesia Raya;Lampung 1
Dwie Aroem Hadiatie;Partai Golongan Karya;Lampung 1
Endro Suswantoro Yahman;Partai Demokrasi Indonesia Perjuangan;Lampung 1
Sudin;Partai Demokrasi Indonesia Perjuangan;Lampung 2
Marwan Cik Asan;Partai Demokrat;Lampung 2
Nurhayati;Partai Kebangkitan Bangsa;Lampung 2
Junaidy Auly;Partai Keadilan Sejahtera;Lampung 2
Tamanuri;Partai NasDem;Lampung 2
Alimin Abdullah;Partai Amanat Nasional;Lampung 2
Dwita Ria Gunadi;Partai Gerakan Indonesia Raya;Lampung 2
Aziz Syamsuddin;Partai Golongan Karya;Lampung 2
Henry Yosodiningrat;Partai Demokrasi Indonesia Perjuangan;Lampung 2
Itet Tridjajati Sumarijanto;Partai Demokrasi Indonesia Perjuangan;Lampung 2
Ahmad Zainuddin;Partai Keadilan Sejahtera;DKI Jakarta 1
Achmad Fauzan Harun;Partai Persatuan Pembangunan;DKI Jakarta 1
Asril Hamzah Tanjung;Partai Gerakan Indonesia Raya;DKI Jakarta 1
Dwi Astuti Wulandari;Partai Demokrat;DKI Jakarta 1
Bambang Wiyogo;Partai Golongan Karya;DKI Jakarta 1
Wiryanti Sukamdani;Partai Demokrasi Indonesia Perjuangan;DKI Jakarta 1
Melani Leimena Suharli;Partai Demokrat;DKI Jakarta 2
Hidayat Nur Wahid;Partai Keadilan Sejahtera;DKI Jakarta 2
Lena Maryana;Partai Persatuan Pembangunan;DKI Jakarta 2
Biem Triani Benjamin;Partai Gerakan Indonesia Raya;DKI Jakarta 2
Fayakhun Andriadi;Partai Golongan Karya;DKI Jakarta 2
Eriko Sotarduga;Partai Demokrasi Indonesia Perjuangan;DKI Jakarta 2
Masinton Pasaribu;Partai Demokrasi Indonesia Perjuangan;DKI Jakarta 3
Adang Daradjatun;Partai Keadilan Sejahtera;DKI Jakarta 3
Ahmad Sahroni;Partai NasDem;DKI Jakarta 3
Abdul Aziz;Partai Persatuan Pembangunan;DKI Jakarta 3
Aryo Djojohadikusumo;Partai Gerakan Indonesia Raya;DKI Jakarta 3
Ivan Doly Gultom;Partai Golongan Karya;DKI Jakarta 3
Effendi Muara Sakti Simbolon;Partai Demokrasi Indonesia Perjuangan;DKI Jakarta 3
Darmadi Durianto;Partai Demokrasi Indonesia Perjuangan;DKI Jakarta 3
Charles Honoris;Partai Demokrasi Indonesia Perjuangan;DKI Jakarta 3
Steyphen Rikardo Hutajulu;Partai Demokrasi Indonesia Perjuangan;Jawa barat 1
Dasmen Hutajulu;Partai Demokrasi Indonesia Perjuangan;Jawa barat 1
Titin Sumartini;Partai Demokrasi Indonesia Perjuangan;Jawa barat 1
Muhammad Iqbal;Partai Gerakan Indonesia Raya;Jawa barat 1
Popong Otje Djundjunan;Partai Golongan Karya;Jawa barat 1
Daraa Maylina Hasibuan;Partai Demokrasi Indonesia Perjuangan;Jawa barat 1
Junico BP Siahaan;Partai Demokrasi Indonesia Perjuangan;Jawa barat 1
Ledia Hanifa Amaliah;Partai Keadilan Sejahtera;Jawa barat 1
Dede Yusuf Macan Effendi;Partai Demokrat;Jawa Barat 2
Erislan;Partai Hati Nurani Rakyat;Jawa Barat 2
Cucun Ahmad Syamsurizal;Partai Kebangkitan Bangsa;Jawa Barat 2
Adang Sudrajat;Partai Keadilan Sejahtera;Jawa Barat 2
Ahmad Najib Qodratullah;Partai Amanat Nasional;Jawa Barat 2
Rachel Maryam;Partai Gerakan Indonesia Raya;Jawa Barat 2
Agus Makmur Santoso;Partai Golongan Karya;Jawa Barat 2
Lili Asjudiredja;Partai Golongan Karya;Jawa Barat 2
Jalaludin Rakhmat;Partai Demokrasi Indonesia Perjuangan;Jawa Barat 2
Yadi Srimulyadi;Partai Demokrasi Indonesia Perjuangan;Jawa Barat 3
Sjarifuddin Hasan;Partai Demokrat;Jawa Barat 3
Djoni Rolindrawan;Partai Hati Nurani Rakyat;Jawa Barat 3
Neng Eem Marhamah Zulfais;Partai Kebangkitan Bangsa;Jawa Barat 3
Ecky Awal Mucharam;Partai Keadilan Sejahtera;Jawa Barat 3
Joko Purwanto;Partai Persatuan Pembangunan;Jawa Barat 3
Ahmad Riza Patria;Partai Gerakan Indonesia Raya;Jawa Barat 3
Deding Ishak;Partai Golongan Karya;Jawa Barat 3
Eka Sastra;Partai Golongan Karya;Jawa Barat 3
Diah Pitaloka;Partai Demokrasi Indonesia Perjuangan;Jawa Barat 3
Ribka Tjiptaning;Partai Demokrasi Indonesia Perjuangan;Jawa Barat 4
Dewi Asmara;Partai Golongan Karya;Jawa Barat 4
Heri Gunawan;Partai Gerakan Indonesia Raya;Jawa Barat 4
Dessy Ratnasari;Partai Amanat Nasional;Jawa Barat 4
Slamet;Partai Keadilan Sejahtera;Jawa Barat 4
Reni Marlinawati;Partai Persatuan Pembangunan;Jawa Barat 5
Anton Sukartono Suratto;Partai Demokrat;Jawa Barat 5
TB Soemandjaja;Partai Keadilan Sejahtera;Jawa Barat 5
Achmad Farial;Partai Persatuan Pembangunan;Jawa Barat 5
Primus Yustisio;Partai Amanat Nasional;Jawa Barat 5
Fadli Zon;Partai Gerakan Indonesia Raya;Jawa Barat 5
Nawafie Saleh;Partai Golongan Karya;Jawa Barat 5
Ichsan Firdaus;Partai Golongan Karya;Jawa Barat 5
Adian Yunus Yusak Napitupulu;Partai Demokrasi Indonesia Perjuangan;Jawa Barat 5
Nurmansyah E. Tanjung;Partai Demokrasi Indonesia Perjuangan;Jawa Barat 6
Mahfudz Abdurrahman;Partai Keadilan Sejahtera;Jawa Barat 6
Intan Fitriana Fauzi;Partai Amanat Nasional;Jawa Barat 6
Nuroji;Partai Gerakan Indonesia Raya;Jawa Barat 6
Wenny Haryanto;Partai Golongan Karya;Jawa Barat 6
Sukur Nababan;Partai Demokrasi Indonesia Perjuangan;Jawa Barat 6
Riska Mariska;Partai Demokrasi Indonesia Perjuangan;Jawa Barat 7
Hari Kartana;Partai Demokrat;Jawa Barat 7
Evi Fatimah;Partai Kebangkitan Bangsa;Jawa Barat 7
Mardani Ali Sera;Partai Keadilan Sejahtera;Jawa Barat 7
Wardatul Asriah;Partai Persatuan Pembangunan;Jawa Barat 7
Daeng Muhammad;Partai Amanat Nasional;Jawa Barat 7
Putih Sari;Partai Gerakan Indonesia Raya;Jawa Barat 7
Ade Komarudin;Partai Golongan Karya;Jawa Barat 7
Dadang S. Muchtar;Partai Golongan Karya;Jawa Barat 7
Rieke Diah Pitaloka;Partai Demokrasi Indonesia Perjuangan;Jawa Barat 7
Tono Bahtiar;Partai Demokrasi Indonesia Perjuangan;Jawa Barat 7
Herman Khaeron;Partai Demokrat;Jawa Barat 8
Sudiro Asno;Partai Hati Nurani Rakyat;Jawa Barat 8
Dedi Wahidi;Partai Kebangkitan Bangsa;Jawa Barat 8
Mahfudz Siddiq;Partai Keadilan Sejahtera;Jawa Barat 8
Kardaya Warnika;Partai Gerakan Indonesia Raya;Jawa Barat 8
Dave Akbarshah Fikarno;Partai Golongan Karya;Jawa Barat 8
Daniel Mutaqien Syafiuddin;Partai Golongan Karya;Jawa Barat 8
Yoseph Umarhadi;Partai Demokrasi Indonesia Perjuangan;Jawa Barat 8
Ono Surono;Partai Demokrasi Indonesia Perjuangan;Jawa Barat 8
Linda Megawati;Partai Demokrat;Jawa Barat 9
Lilis Santika;Partai Kebangkitan Bangsa;Jawa Barat 9
Nurhasan Zaidi;Partai Keadilan Sejahtera;Jawa Barat 9
Ratieh Sanggarwaty;Partai Persatuan Pembangunan;Jawa Barat 9
Sutisna;Partai Gerakan Indonesia Raya;Jawa Barat 9
Venny Devianti;Partai Golongan Karya;Jawa Barat 9
Maruarar Sirait;Partai Demokrasi Indonesia Perjuangan;Jawa Barat 9
Denny Jaya Abriani;Partai Demokrasi Indonesia Perjuangan;Jawa Barat 10
Didi Irawadi Syamsudin;Partai Demokrat;Jawa Barat 10
Yanuar Prihatin;Partai Kebangkitan Bangsa;Jawa Barat 10
Surahman Hidayat;Partai Keadilan Sejahtera;Jawa Barat 10
Asep Maoshul Affandy;Partai Persatuan Pembangunan;Jawa Barat 10
Budi Youyastri;Partai Amanat Nasional;Jawa Barat 10
Agun Gunandjar Sudarsa;Partai Golongan Karya;Jawa Barat 10
Muhammad Nurdin;Partai Demokrasi Indonesia Perjuangan;Jawa Barat 10
Siti Mufattanah;Partai Demokrat;Jawa Barat 11
Acep Adang Ruhiat;Partai Kebangkitan Bangsa;Jawa Barat 11
Toriq Hidayat;Partai Keadilan Sejahtera;Jawa Barat 11
Supiadin Aries;Partai NasDem;Jawa Barat 11
Nurhayati;Partai Persatuan Pembangunan;Jawa Barat 11
Haerudin;Partai Amanat Nasional;Jawa Barat 11
Subarna;Partai Gerakan Indonesia Raya;Jawa Barat 11
Ferdiansyah;Partai Golongan Karya;Jawa Barat 11
Ahmad Zaky Siradi;Partai Golongan Karya;Jawa Barat 11
Dony Maryadi Oekon;Partai Demokrasi Indonesia Perjuangan;Jawa Barat 11
Vivi Sumantri Jayabaya;Partai Demokrat;Banten 1
Beni Sudrajat;Partai NasDem;Banten 1
Abdul Halim;Partai Persatuan Pembangunan;Banten 1
Anda;Partai Gerakan Indonesia Raya;Banten 1
Tb Ace Hasan Syadzily;Partai Golongan Karya;Banten 1
Mochamad Hasbi Asyidiki Jayabaya;Partai Demokrasi Indonesia Perjuangan;Banten 1
Ichsan Soelistyo;Partai Demokrasi Indonesia Perjuangan;Banten 2
Ei Nurul Khotimah;Partai Keadilan Sejahtera;Banten 2
Kartika Yudhisti;Partai Persatuan Pembangunan;Banten 2
Yandri Susanto;Partai Amanat Nasional;Banten 2
Desmond Junaidi Mahesa;Partai Gerakan Indonesia Raya;Banten 2
Yayat Y Biaro;Partai Golongan Karya;Banten 3
Inas Nasrulloh Zubir;Partai Hati Nurani Rakyat;Banten 3
Siti Masrifah;Partai Kebangkitan Bangsa;Banten 3
Jazuli Juwaini;Partai Keadilan Sejahtera;Banten 3
Irgan Chairul Mahfiz;Partai Persatuan Pembangunan;Banten 3
Sufmi Dasco Ahmad;Partai Gerakan Indonesia Raya;Banten 3
Andi Achmad Dara;Partai Golongan Karya;Banten 3
Herdian Koosnadi;Partai Demokrasi Indonesia Perjuangan;Banten 3
Marinus Gea;Partai Demokrasi Indonesia Perjuangan;Banten 3
Hartanto Edhie Wibowo;Partai Demokrat;Banten 3
Ali Taher;Partai Amanat Nasional;Banten 3
Agus Hermanto;Partai Demokrat;Jawa tengah 1
Alamuddin Dimyati Rois;Partai Kebangkitan Bangsa;Jawa tengah 1
Fadholi;Partai NasDem;Jawa tengah 1
Yayuk Basuki;Partai Amanat Nasional;Jawa tengah 1
Jamal Mirdad;Partai Gerakan Indonesia Raya;Jawa tengah 1
Mujib Rohmat;Partai Golongan Karya;Jawa tengah 1
Juliari P. Batubara;Partai Demokrasi Indonesia Perjuangan;Jawa tengah 1
Tuti Roosdiono;Partai Demokrasi Indonesia Perjuangan;Jawa tengah 1
Fathan;Partai Kebangkitan Bangsa;Jawa Tengah 2
Ali Mahir;Partai NasDem;Jawa Tengah 2
Muchlisin;Partai Persatuan Pembangunan;Jawa Tengah 2
Abdul Wachid;Partai Gerakan Indonesia Raya;Jawa Tengah 2
Noor Achmad;Partai Golongan Karya;Jawa Tengah 2
Bowo Sidak Pangarso;Partai Golongan Karya;Jawa Tengah 2
Daryatmo Mardiyanto;Partai Demokrasi Indonesia Perjuangan;Jawa Tengah 2
Djoko Udjianto;Partai Demokrat;Jawa Tengah 3
Arvin Hakim Thoha;Partai Kebangkitan Bangsa;Jawa Tengah 3
Sutriyono;Partai Keadilan Sejahtera;Jawa Tengah 3
Donny Imam Priambodo;Partai NasDem;Jawa Tengah 3
Mohammad Arwani Thomafi;Partai Persatuan Pembangunan;Jawa Tengah 3
Sumarjati Arjoso;Partai Gerakan Indonesia Raya;Jawa Tengah 3
Firman Subagyo;Partai Golongan Karya;Jawa Tengah 3
Evita Nursanty;Partai Demokrasi Indonesia Perjuangan;Jawa Tengah 3
Imam Suroso;Partai Demokrasi Indonesia Perjuangan;Jawa Tengah 3
Rinto Subekti;Partai Demokrat;Jawa Tengah 4
Muhammad Martri Agoeng;Partai Keadilan Sejahtera;Jawa Tengah 4
Laila Istiana;Partai Amanat Nasional;Jawa Tengah 4
Rahayu Saraswati Djojohadikusumo;Partai Gerakan Indonesia Raya;Jawa Tengah 4
Endang Maria Astuti;Partai Golongan Karya;Jawa Tengah 4
Bambang Wuryanto;Partai Demokrasi Indonesia Perjuangan;Jawa Tengah 4
Agustina Wilujeng Pramestuti;Partai Demokrasi Indonesia Perjuangan;Jawa Tengah 4
Mohammad Toha;Partai Kebangkitan Bangsa;Jawa Tengah 5
Abdul Kharis Almasyari;Partai Keadilan Sejahtera;Jawa Tengah 5
Mohammad Hatta;Partai Amanat Nasional;Jawa Tengah 5
Bambang Riyanto;Partai Gerakan Indonesia Raya;Jawa Tengah 5
Harry Poernomo;Partai Gerakan Indonesia Raya;Jawa Tengah 5
Endang Srikarti Handayani;Partai Golongan Karya;Jawa Tengah 5
Alfia Reziani;Partai Demokrasi Indonesia Perjuangan;Jawa Tengah 5
Aria Bima;Partai Demokrasi Indonesia Perjuangan;Jawa Tengah 5
Rahmad Handoyo;Partai Demokrasi Indonesia Perjuangan;Jawa Tengah 5
Abdul Kadir Karding;Partai Kebangkitan Bangsa;Jawa Tengah 6
Choirul Muna;Partai NasDem;Jawa Tengah 6
Muslich ZA;Partai Persatuan Pembangunan;Jawa Tengah 6
Tjatur Sapto Edy;Partai Amanat Nasional;Jawa Tengah 6
Iqbal Wibisono;Partai Golongan Karya;Jawa Tengah 6
Nursyiwan Soedjono;Partai Demokrasi Indonesia Perjuangan;Jawa Tengah 6
Sudjadi;Partai Demokrasi Indonesia Perjuangan;Jawa Tengah 6
Taufiq Abdullah;Partai Kebangkitan Bangsa;Jawa Tengah 7
Amelia Anggraini;Partai NasDem;Jawa Tengah 7
Muchammad Romahurmuziy;Partai Persatuan Pembangunan;Jawa Tengah 7
Taufik Kurniawan;Partai Amanat Nasional;Jawa Tengah 7
Darori Wonodipuro;Partai Gerakan Indonesia Raya;Jawa Tengah 7
Bambang Soesatyo;Partai Golongan Karya;Jawa Tengah 7
Utut Adianto;Partai Demokrasi Indonesia Perjuangan;Jawa Tengah 7
Khatibul Umam Wiranu;Partai Demokrat;Jawa Tengah 8
Siti Mukaromah;Partai Kebangkitan Bangsa;Jawa Tengah 8
Achmad Mustaqim;Partai Persatuan Pembangunan;Jawa Tengah 8
Muhammad Hanafi;Partai Amanat Nasional;Jawa Tengah 8
Novita Wijayanti;Partai Gerakan Indonesia Raya;Jawa Tengah 8
Dito Ganinduto;Partai Golongan Karya;Jawa Tengah 8
Adisatrya Suryo Sulisto;Partai Demokrasi Indonesia Perjuangan;Jawa Tengah 8
Budiman Sudjatmiko;Partai Demokrasi Indonesia Perjuangan;Jawa Tengah 8
Bachrudin Nasori;Partai Kebangkitan Bangsa;Jawa Tengah 9
Abdul Fikri;Partai Keadilan Sejahtera;Jawa Tengah 9
Zainut Tauhid;Partai Persatuan Pembangunan;Jawa Tengah 9
Teguh Juwarno;Partai Amanat Nasional;Jawa Tengah 9
Kuswiyanto;Partai Amanat Nasional;Jawa Tengah 9
Mohammad Hekal;Partai Gerakan Indonesia Raya;Jawa Tengah 9
Agung Widyantoro;Partai Golongan Karya;Jawa Tengah 9
Muhammad Prakosa;Partai Demokrasi Indonesia Perjuangan;Jawa Tengah 9
Dewi Aryani Hilman;Partai Demokrasi Indonesia Perjuangan;Jawa Tengah 9
Yaqut Cholil Qoumas;Partai Kebangkitan Bangsa;Jawa Tengah 10
Bisri Romly;Partai Kebangkitan Bangsa;Jawa Tengah 10
Arsul Sani;Partai Persatuan Pembangunan;Jawa Tengah 10
Abdul Hakam Naja;Partai Amanat Nasional;Jawa Tengah 10
Ramson Siagian;Partai Gerakan Indonesia Raya;Jawa Tengah 10
Marlinda Irwanti;Partai Golongan Karya;Jawa Tengah 10
Hendrawan Supratikno;Partai Demokrasi Indonesia Perjuangan;Jawa Tengah 10
Mohammad Idham Samawi;Partai Demokrasi Indonesia Perjuangan;DI Yogyakarta
Ahmad Hanafi Rais;Partai Amanat Nasional;DI Yogyakarta
Esti Wijayanti;Partai Demokrasi Indonesia Perjuangan;DI Yogyakarta
Roy Suryo;Partai Demokrat;DI Yogyakarta
Gandung Pardiman;Partai Golongan Karya;DI Yogyakarta
Agus Sulistyono;Partai Kebangkitan Bangsa;DI Yogyakarta
Sukamta;Partai Keadilan Sejahtera;DI Yogyakarta
Andika Pandu Puragabaya;Partai Gerakan Indonesia Raya;DI Yogyakarta
Lucy Kurniasari;Partai Demokrat;Jawa Timur 1
Arzetti Bilbina;Partai Kebangkitan Bangsa;Jawa Timur 1
Syaikhul Islam;Partai Kebangkitan Bangsa;Jawa Timur 1
Sigit Sosiantomo;Partai Keadilan Sejahtera;Jawa Timur 1
Sungkono;Partai Amanat Nasional;Jawa Timur 1
Bambang Haryo Soekartono;Partai Gerakan Indonesia Raya;Jawa Timur 1
Adies Kadir;Partai Golongan Karya;Jawa Timur 1
Guruh Irianto Soekarnoputra;Partai Demokrasi Indonesia Perjuangan;Jawa Timur 1
Indah Kurnia;Partai Demokrasi Indonesia Perjuangan;Jawa Timur 1
Henky Kurniadi;Partai Demokrasi Indonesia Perjuangan;Jawa Timur 1
Evi Zainal Abidin;Partai Demokrat;Jawa Timur 2
Faisol Riza;Partai Kebangkitan Bangsa;Jawa Timur 2
Hasan Aminuddin;Partai NasDem;Jawa Timur 2
Mustofa Assegaf;Partai Persatuan Pembangunan;Jawa Timur 2
Soeprayitno;Partai Gerakan Indonesia Raya;Jawa Timur 2
Mukhamad Misbakhun;Partai Golongan Karya;Jawa Timur 2
Hamka Haq;Partai Demokrasi Indonesia Perjuangan;Jawa Timur 2
Azam Asman Natawijana;Partai Demokrat;Jawa Timur 3
Nihayatul Wafiroh;Partai Kebangkitan Bangsa;Jawa Timur 3
Nasim Khan;Partai Kebangkitan Bangsa;Jawa Timur 3
SY Anas Thahir;Partai Persatuan Pembangunan;Jawa Timur 3
Sumail Abdullah;Partai Gerakan Indonesia Raya;Jawa Timur 3
Hardisoesilo;Partai Golongan Karya;Jawa Timur 3
Nursuhud;Partai Demokrasi Indonesia Perjuangan;Jawa Timur 3
Ayub Khan;Partai Demokrat;Jawa Timur 4
Syaiful Bahri Ansori;Partai Kebangkitan Bangsa;Jawa Timur 4
Nur Yasin;Partai Kebangkitan Bangsa;Jawa Timur 4
Teuku Taufiqulhadi;Partai NasDem;Jawa Timur 4
Anang Hermansyah;Partai Amanat Nasional;Jawa Timur 4
Bambang Haryadi;Partai Gerakan Indonesia Raya;Jawa Timur 4
Muhammad Mur Purnamasidi;Partai Golongan Karya;Jawa Timur 4
Arif Wibowo;Partai Demokrasi Indonesia Perjuangan;Jawa Timur 4
Nurhayati Ali Assegaf;Partai Demokrat;Jawa Timur 5
Lathifah Shohib;Partai Kebangkitan Bangsa;Jawa Timur 5
Kresna Dewananta Phrosakh;Partai NasDem;Jawa Timur 5
Totok Daryanto;Partai Amanat Nasional;Jawa Timur 5
Moreno Soeprapto;Partai Gerakan Indonesia Raya;Jawa Timur 5
Ridwan Hisjam;Partai Golongan Karya;Jawa Timur 5
Ahmad Basarah;Partai Demokrasi Indonesia Perjuangan;Jawa Timur 5
Andreas Eddy Susetyo;Partai Demokrasi Indonesia Perjuangan;Jawa Timur 5
Nova Riyanti Yusuf;Partai Demokrat;Jawa Timur 6
An'im F Mahrus;Partai Kebangkitan Bangsa;Jawa Timur 6
Titik Prasetyowati Verdi;Partai NasDem;Jawa Timur 6
Riski Sadig;Partai Amanat Nasional;Jawa Timur 6
Endro Hermono;Partai Gerakan Indonesia Raya;Jawa Timur 6
Muhammad Sarmuji;Partai Golongan Karya;Jawa Timur 6
Eva Kusuma Sundari;Partai Demokrasi Indonesia Perjuangan;Jawa Timur 6
Arteria Dahlan;Partai Demokrasi Indonesia Perjuangan;Jawa Timur 6
Budi Yuwono;Partai Demokrasi Indonesia Perjuangan;Jawa Timur 6
Edhie Baskoro Yudhoyono;Partai Demokrat;Jawa Timur 7
Ibnu Multazam;Partai Kebangkitan Bangsa;Jawa Timur 7
Rofi Munawar;Partai Keadilan Sejahtera;Jawa Timur 7
Yayuk Sri Rahayuningsih;Partai NasDem;Jawa Timur 7
Supriyanto;Partai Gerakan Indonesia Raya;Jawa Timur 7
Gatot Sudjito;Partai Golongan Karya;Jawa Timur 7
Srimadji;Partai Demokrasi Indonesia Perjuangan;Jawa Timur 7
Sartono;Partai Demokrat;Jawa Timur 7
Guntur Sasono;Partai Demokrat;Jawa Timur 8
Anwar Rachman;Partai Kebangkitan Bangsa;Jawa Timur 8
Muhaimin Iskandar;Partai Kebangkitan Bangsa;Jawa Timur 8
Soehartono;Partai NasDem;Jawa Timur 8
Eko Hendro Purnomo;Partai Amanat Nasional;Jawa Timur 8
Sareh Wiyono;Partai Gerakan Indonesia Raya;Jawa Timur 8
Mohamad Suryo;Partai Golongan Karya;Jawa Timur 8
Mindo Sianipar;Partai Demokrasi Indonesia Perjuangan;Jawa Timur 8
Sadarestuwati;Partai Demokrasi Indonesia Perjuangan;Jawa Timur 8
Dossy Iskandar Prasetyo;Partai Hati Nurani Rakyat;Jawa Timur 8
Didik Mukrianto;Partai Demokrat;Jawa Timur 9
Lukmanul Khakim;Partai Kebangkitan Bangsa;Jawa Timur 9
Wihadi Wiyanto;Partai Gerakan Indonesia Raya;Jawa Timur 9
Yudha;Partai Golongan Karya;Jawa Timur 9
Abidin Fikri;Partai Demokrasi Indonesia Perjuangan;Jawa Timur 9
Jazilul Fawaid;Partai Kebangkitan Bangsa;Jawa Timur 10
Iskandar Syaichu;Partai Persatuan Pembangunan;Jawa Timur 10
Viva Yoga Mauladi;Partai Amanat Nasional;Jawa Timur 10
Eddy Kuntadi;Partai Golongan Karya;Jawa Timur 10
Nasyirul Falab Amru;Partai Demokrasi Indonesia Perjuangan;Jawa Timur 10
Khilmi;Partai Gerakan Indonesia Raya;Jawa Timur 10
Mat Nasir;Partai Demokrat;Jawa Timur 11
Muh Unais Ali Hisyam;Partai Kebangkitan Bangsa;Jawa Timur 11
Dja'far Shodiq;Partai NasDem;Jawa Timur 11
Baidowi;Partai Persatuan Pembangunan;Jawa Timur 11
Said Abdullah;Partai Demokrasi Indonesia Perjuangan;Jawa Timur 11
Zainuddin Amali;Partai Golongan Karya;Jawa Timur 11
Mohamad Nizar Zahro;Partai Gerakan Indonesia Raya;Jawa Timur 11
Zairina;Partai Hati Nurani Rakyat;Jawa Timur 11
Ni Putu Tuti Kusuma Wardhani;Partai Demokrat;Bali
Putu Supadma Rudana;Partai Demokrat;Bali
Ida Bagus Putu Sukarta;Partai Gerakan Indonesia Raya;Bali
Gde Sumarjaya Linggih;Partai Golongan Karya;Bali
I Made Urip;Partai Demokrasi Indonesia Perjuangan;Bali
Wayan Koster;Partai Demokrasi Indonesia Perjuangan;Bali
I Gusti Agung Rai Wirajaya;Partai Demokrasi Indonesia Perjuangan;Bali
Nyoman Dhamantra;Partai Demokrasi Indonesia Perjuangan;Bali
AA Bagus Adhi Mahendra Putra;Partai Golongan Karya;Bali
Nanang Samodra;Partai Demokrat;Nusa Tenggara Barat
Lalu Gede Syamsul Mujahidin;Partai Hati Nurani Rakyat;Nusa Tenggara Barat
Kurtubi;Partai NasDem;Nusa Tenggara Barat
Helmy Faishal Zaini;Partai Kebangkitan Bangsa;Nusa Tenggara Barat
Fahri Hamzah;Partai Keadilan Sejahtera;Nusa Tenggara Barat
Ermalena;Partai Persatuan Pembangunan;Nusa Tenggara Barat
Muhammad Syafrudin;Partai Amanat Nasional;Nusa Tenggara Barat
Willgo Zainar;Partai Gerakan Indonesia Raya;Nusa Tenggara Barat
Adi Putra Darmawan Tahir;Partai Golongan Karya;Nusa Tenggara Barat
Rachmat Hidayat;Partai Demokrasi Indonesia Perjuangan;Nusa Tenggara Barat
Nanang Samodra;Partai Demokrat;Nusa Tenggara Timur 1
Lalu Gede Syamsul Mujahidin;Partai Hati Nurani Rakyat;Nusa Tenggara Timur 1
Kurtubi;Partai NasDem;Nusa Tenggara Timur 1
Helmy Faishal Zaini;Partai Kebangkitan Bangsa;Nusa Tenggara Timur 1
Fahri Hamzah;Partai Keadilan Sejahtera;Nusa Tenggara Timur 1
Ermalena;Partai Persatuan Pembangunan;Nusa Tenggara Timur 1
Muhammad Syafrudin;Partai Amanat Nasional;Nusa Tenggara Timur 1
Willgo Zainar;Partai Gerakan Indonesia Raya;Nusa Tenggara Timur 1
Adi Putra Darmawan Tahir;Partai Golongan Karya;Nusa Tenggara Timur 1
Rachmat Hidayat;Partai Demokrasi Indonesia Perjuangan;Nusa Tenggara Timur 1
Anita Jacoba Gah;Partai Demokrat;Nusa Tenggara Timur 2
Ferry Kase;Partai Hati Nurani Rakyat;Nusa Tenggara Timur 2
Jacki Uly;Partai NasDem;Nusa Tenggara Timur 2
Fary Djemi Francis;Partai Gerakan Indonesia Raya;Nusa Tenggara Timur 2
Imanuel Ekadianus Blegur;Partai Golongan Karya;Nusa Tenggara Timur 2
Julianus Pote Leba;Partai Golongan Karya;Nusa Tenggara Timur 2
Herman Hery;Partai Demokrasi Indonesia Perjuangan;Nusa Tenggara Timur 2
Erma Suryani Ranik;Partai Demokrat;Kalimantan Barat
Daniel Johan;Partai Kebangkitan Bangsa;Kalimantan Barat
Syarif Abdullah;Partai NasDem;Kalimantan Barat
Firmansyah Mardanoes;Partai Persatuan Pembangunan;Kalimantan Barat
Sukiman;Partai Amanat Nasional;Kalimantan Barat
Katherine Oenden;Partai Gerakan Indonesia Raya;Kalimantan Barat
Maman Abdurrahman;Partai Golongan Karya;Kalimantan Barat
Erwin Tobing;Partai Demokrasi Indonesia Perjuangan;Kalimantan Barat
Lasarus;Partai Demokrasi Indonesia Perjuangan;Kalimantan Barat
Michael Jeno;Partai Demokrasi Indonesia Perjuangan;Kalimantan Barat
Hamdhani;Partai NasDem;Kalimantan Tengah
Hang Ali Saputra Syah Pahan;Partai Amanat Nasional;Kalimantan Tengah
Iwan Kurniawan;Partai Gerakan Indonesia Raya;Kalimantan Tengah
Agati Sulie Mahyudin;Partai Golongan Karya;Kalimantan Tengah
Asdy Narang;Partai Demokrasi Indonesia Perjuangan;Kalimantan Tengah
Rahmat Nasution Hamka;Partai Demokrasi Indonesia Perjuangan;Kalimantan Tengah
Zainul Arifin Noor;Partai Kebangkitan Bangsa;Kalimantan Selatan 1
Aboe Bakar;Partai Keadilan Sejahtera;Kalimantan Selatan 1
Syaifullah Tamliha;Partai Persatuan Pembangunan;Kalimantan Selatan 1
Saiful Rasyid;Partai Gerakan Indonesia Raya;Kalimantan Selatan 1
Ahmadi Noor Supit;Partai Golongan Karya;Kalimantan Selatan 1
Bambang Heri Purnama;Partai Golongan Karya;Kalimantan Selatan 1
Abdul Latief Hanafiah;Partai Kebangkitan Bangsa;Kalimantan Selatan 2
Aditya Mufti Ariffin;Partai Persatuan Pembangunan;Kalimantan Selatan 2
Ahmad Yudhi Wahyuni;Partai Gerakan Indonesia Raya;Kalimantan Selatan 2
Hasnuryadi Sulaiman;Partai Golongan Karya;Kalimantan Selatan 2
Dardiansyah;Partai Demokrasi Indonesia Perjuangan;Kalimantan Selatan 2
Ihwan Datu Adam;Partai Demokrat;Kalimantan Timur
dr. Ari Yusnita;Partai NasDem;Kalimantan Timur
Budisatrio Djiwandono;Partai Gerakan Indonesia Raya;Kalimantan Timur
H. Mahyudin, ST, MM;Partai Golongan Karya;Kalimantan Timur
Dr. Ir Hetifah MPP;Partai Golongan Karya;Kalimantan Timur
Zuhdi Yahya;Partai Demokrasi Indonesia Perjuangan;Kalimantan Timur
KH. Aus Hidayat Nur;Partai Keadilan Sejahtera;Kalimantan Timur
Hj. Kasriyah;Partai Persatuan Pembangunan;Kalimantan Timur
Evert Ernest Mangindaan;Partai Demokrat;Sulawesi Utara
Bara Krhisna Hasibuan;Partai Amanat Nasional;Sulawesi Utara
Wenny Warouw;Partai Gerakan Indonesia Raya;Sulawesi Utara
Jerry Sambuaga;Partai Golongan Karya;Sulawesi Utara
Djenri Altin Keintjem;Partai Demokrasi Indonesia Perjuangan;Sulawesi Utara
Vanda Sarundajang;Partai Demokrasi Indonesia Perjuangan;Sulawesi Utara
Elnino M Husein Mohi;Partai Gerakan Indonesia Raya;Gorontalo
Fadel Muhammad;Partai Golongan Karya;Gorontalo
Roem Kono;Partai Golongan Karya;Gorontalo
Verna Gladies Merry Inkiriwang;Partai Demokrat;Sulawesi Tengah
Tetty Pinangkaan;Partai Hati Nurani Rakyat;Sulawesi Tengah
Ahmad Ali;Partai NasDem;Sulawesi Tengah
Supratman Andi Agtas;Partai Gerakan Indonesia Raya;Sulawesi Tengah
Muhidin Muhammad Said;Partai Golongan Karya;Sulawesi Tengah
Aliyah Mustika Ilham;Partai Demokrat;Sulawesi Selatan 1
Mukhtar Tompo;Partai Hati Nurani Rakyat;Sulawesi Selatan 1
Tamsil Linrung;Partai Keadilan Sejahtera;Sulawesi Selatan 1
Amir Uskara;Partai Persatuan Pembangunan;Sulawesi Selatan 1
M. Irwan Zulfikar;Partai Amanat Nasional;Sulawesi Selatan 1
Azikin Solthan;Partai Gerakan Indonesia Raya;Sulawesi Selatan 1
Hamka B Kady;Partai Golongan Karya;Sulawesi Selatan 1
Andi Ridwan Wittiri;Partai Demokrasi Indonesia Perjuangan;Sulawesi Selatan 1
Muhammad Nasyit Umar;Partai Demokrat;Sulawesi Selatan 2
Andi Akmal Pasluddin;Partai Keadilan Sejahtera;Sulawesi Selatan 2
Akbar Faizal;Partai NasDem;Sulawesi Selatan 2
Andi Mariatang;Partai Persatuan Pembangunan;Sulawesi Selatan 2
Andi Yuliani Paris;Partai Amanat Nasional;Sulawesi Selatan 2
Andi Iwan Darmawan Aras;Partai Gerakan Indonesia Raya;Sulawesi Selatan 2
Syamsul Bachri;Partai Golongan Karya;Sulawesi Selatan 2
Andi Rio Idris Padjalangi;Partai Golongan Karya;Sulawesi Selatan 2
Samsu Niang;Partai Demokrasi Indonesia Perjuangan;Sulawesi Selatan 2
Bahrum Daido;Partai Demokrat;Sulawesi Selatan 3
Abubakar Wasahua;Partai Persatuan Pembangunan;Sulawesi Selatan 3
Amran;Partai Amanat Nasional;Sulawesi Selatan 3
Felicitas Tallulembang;Partai Gerakan Indonesia Raya;Sulawesi Selatan 3
Markus Nari;Partai Golongan Karya;Sulawesi Selatan 3
Andi Fauziah Pujiwatie Hatta;Partai Golongan Karya;Sulawesi Selatan 3
Luthfi A. Mutty;Partai NasDem;Sulawesi Selatan 3
Umar Arsal;Partai Demokrat;Sulawesi Tenggara
Amirul Tamim;Partai Persatuan Pembangunan;Sulawesi Tenggara
Haerul Saleh;Partai Gerakan Indonesia Raya;Sulawesi Tenggara
Ridwan Bae;Partai Golongan Karya;Sulawesi Tenggara
Tina Asnawati Nur Alam;Partai Amanat Nasional;Sulawesi Tenggara
Muhammad Afzal Mahfuz;Partai Demokrat;Sulawesi Barat
Ruskati Ali Baal;Partai Gerakan Indonesia Raya;Sulawesi Barat
Ibnu Munzir;Partai Golongan Karya;Sulawesi Barat
Rohani;Partai Kebangkitan Bangsa;Maluku
Taslim Azis;Partai Gerakan Indonesia Raya;Maluku
Edison Betaubun;Partai Golongan Karya;Maluku
Mercy Chriesty Barends;Partai Demokrasi Indonesia Perjuangan;Maluku
Achmad Hatari;Partai NasDem;Maluku Utara
Saiful Bahri Ruray;Partai Golongan Karya;Maluku Utara
Irine Yusiana Roba Putri;Partai Demokrasi Indonesia Perjuangan;Maluku Utara
Willan Wandik;Partai Demokrat;Papua
Libert Kristo Ibo;Partai Demokrat;Papua
Peggi Patrisia Pattipi;Partai Kebangkitan Bangsa;Papua
Sulaiman L Hamzah;Partai NasDem;Papua
John Siffy Mirin;Partai Amanat Nasional;Papua
Steven Abraham;Partai Gerakan Indonesia Raya;Papua
Elion Numberi;Partai Golongan Karya;Papua
Komarudin Watubun;Partai Demokrasi Indonesia Perjuangan;Papua
Tony Wardoyo;Partai Demokrasi Indonesia Perjuangan;Papua
Muhammad Yudi Kotouky;Partai Keadilan Sejahtera;Papua
Michael Watimena;Partai Demokrat;Papua Barat
Robert Joppy Kardinal;Partai Golongan Karya;Papua Barat
Jimmy Demianus Ijie;Partai Demokrasi Indonesia Perjuangan;Papua Barat
